source_id,platform,original_name,original_label,original_description,original_type,original_collection,original_reachability,source_context,classification,canonical_names,child_dispatch_names,rule_ids,reason,original_sha256
IOS-001,ios,maintenance,서비스 점검 안내,"서버 점검 중일 때 앱 화면 전체를 대신 덮는 안내 화면. 점검 안내 문구와 예상 소요시간(시작~종료 시각)만 보여 주고 빠져나가는 버튼이 없어, 점검이 끝나면 앱을 다시 켜야 한다.",fullScreenCover,제안,도달 가능,"{""sheet"": ""화면 목록"", ""data_row"": 1, ""excel_row"": 2}",screen,app_maintenance,,S3,점검으로 앱 전체를 이용할 수 없고 닫는 방법도 없는 관문입니다. 잠시 표시되는 오류 알림과 달리 앱 목적지를 대신하므로 별도 이름을 둡니다.,5dc6dfdbc6e5fc31d8181eb27dcb34eb610f485a2c64c84d89501230fe3298f5
IOS-002,ios,splash,스플래시,"앱을 켤 때마다 가장 먼저 나오는 인트로 영상 화면으로, 준비가 끝나면 몇 초 뒤 저절로 사라진다. 개발·알파 빌드에서는 오른쪽 아래에 어떤 빌드인지 알려 주는 배지가 붙는다.",fullScreenCover,제안,도달 가능,"{""sheet"": ""화면 목록"", ""data_row"": 2, ""excel_row"": 3}",screen,app_splash,,S1,로그인 여부와 무관하게 앱을 준비하는 시작 목적지입니다. 인트로 영상의 재생·사라짐은 같은 시작 방문의 상태로 보고 이름을 늘리지 않습니다.,aa1cabace48f1d457d442991750ba532cb17e589baae7a6dfbb6289407b850e9
IOS-003,ios,onboarding_permission,접근 권한 안내,"알림과 미디어 저장공간이라는 선택 권한이 왜 필요한지 미리 설명하는 안내 화면으로, 「확인」을 누르면 실제 알림 권한 요청으로 이어진다. 로그인 직후 알림 권한을 아직 한 번도 묻지 않은 사용자에게만 뜨고, 튜토리얼을 볼 차례면 튜토리얼이 먼저 나온다.",fullScreenCover,제안,도달 가능,"{""sheet"": ""화면 목록"", ""data_row"": 3, ""excel_row"": 4}",screen,onboarding_permission,,S1,시스템 권한 요청 전에 앱이 이유를 설명하고 확인을 받는 첫 이용 목적지입니다. 이어지는 OS 권한 팝업은 시스템 조작으로 기록합니다.,cadd76788aeaf1a9c35c398f0f1ef468c7674db1cf0b0369df87b0586992a7ff
IOS-004,ios,personal_info_reconsent_document,개인정보 이용 재동의 약관 전문,"약관 원문을 웹 문서 그대로 띄워 읽게 하는 시트로, 개인정보 재동의 안내 팝업의 「전문보기」를 누르면 열린다. 설정 안의 약관 화면들도 같은 시트를 각기 다른 문서로 띄운다.",sheet,제안,도달 가능,"{""sheet"": ""화면 목록"", ""data_row"": 4, ""excel_row"": 5}",screen,agreement_document,,M1;S1,약관 전문을 읽는 공통 목적지입니다. 가입·재동의·설정에서 여는 경로와 문서 종류는 계약의 구분 값으로 남기고 이름을 늘리지 않습니다.,73cf90375ae6b2c3b0a5b0812f136b297a2bb53eb5d3107b5e21d9f16ab1293c
IOS-005,ios,app_force_logout,강제 로그아웃 안내,"인증이 풀려 더는 로그인 상태를 이어 쓸 수 없을 때 뜨는 안내 팝업으로, 버튼이 「로그아웃」 하나뿐이다. 누르면 세션을 끝내고 로그인 화면으로 되돌아간다.",팝업,제안,도달 가능,"{""sheet"": ""화면 목록"", ""data_row"": 5, ""excel_row"": 6}",screen,auth_session_expired,,S3,인증이 풀려 로그인 상태를 계속할 수 없고 로그아웃·재로그인으로 이어지는 관문입니다.,aec093832b416db01a6b0180f823de6ad240456ea069448358d2f7cd30866f07
IOS-006,ios,app_force_update,강제 업데이트 안내,"지금 설치된 버전으로는 서비스를 쓸 수 없을 때 앱 진입 자체를 막는 팝업으로, 버튼이 「업데이트」 하나뿐이라 앱스토어로 나가는 것 말고 진행할 길이 없다. 로그인하기 전에도 뜬다.",팝업,제안,도달 가능,"{""sheet"": ""화면 목록"", ""data_row"": 6, ""excel_row"": 7}",screen,app_update_required,,S3,현재 버전으로 앱 이용을 계속할 수 없고 업데이트 외 진행 경로가 없습니다. 일반 권장 안내와 구분합니다.,f9b9d66fb829021f50316ff457bb9585232521202b20696bfe173e138ff460bd
IOS-007,ios,personal_info_agreement,개인정보 수집 및 이용 동의 안내,"개인정보 처리방침이 개정돼 다시 동의를 받아야 하는 사용자에게 로그인 직후 화면 위로 덮이는 동의 카드. 「전문보기」로 약관 원문을 확인할 수 있고, 「동의하고 계속」 말고는 닫을 방법이 없다.",팝업,제안,도달 가능,"{""sheet"": ""화면 목록"", ""data_row"": 7, ""excel_row"": 8}",screen,agreement_reconsent,,S3,기존 회원이 개정 약관에 동의해야 앱 이용을 계속할 수 있는 관문입니다. 신규 가입 동의와 나누고 전문을 열면 agreement_document를 보냅니다.,8415ab868a4efd5393889519e229fe349d00de3769c5a7427ba1dc297d68cfbe
IOS-008,ios,app_recommended_update,권장 업데이트 안내,"새 버전이 나왔을 때 업데이트를 권하는 팝업으로, 「나중에」를 고르면 그 버전은 다시 묻지 않는다. 안내 문구는 강제 업데이트와 똑같고 버튼이 두 개라는 점만 다르다.",팝업,제안,도달 가능,"{""sheet"": ""화면 목록"", ""data_row"": 8, ""excel_row"": 9}",action,,,A2,권장 안내나 완료 사실만 알려 주는 표면입니다. 페이지 크기여도 화면 조회에서 제외하며 노출·결과·이어가기 행동을 별도로 기록합니다.,476c2a365df25e9f637a5a1db74cd25ed28bec06dbbdc801173afe03ca2306f8
IOS-009,ios,upload_cover_required_popup,커버 등록 유도 팝업 (업로드 전 프로필 커버 등록),"프로필 커버 등록을 아직 마치지 않은 사용자가 업로드를 시작하려 하면 작성 화면 대신 먼저 가로막는 팝업. 탭바 가운데 + 버튼이나 업로드 딥링크로 들어올 때 뜨고, 「커버 등록하기」를 누르면 진행 상태에 따라 커버 소개 화면이나 커버 편집 화면으로 보낸다.",팝업,제안,도달 가능,"{""sheet"": ""화면 목록"", ""data_row"": 9, ""excel_row"": 10}",screen,profile_cover_required,,S3,요청한 업로드가 커버 미등록 조건에 막혔음을 알리고 커버 등록으로 보냅니다. 업로드 포기와 등록 전환을 확인합니다.,1f127c72def930d88c8c6c4f9a3445bc4d1e208ba19a973bd1e00aae68a8ea8b
IOS-010,ios,portfolio_registered_popup,포트폴리오 등록 완료 팝업,"백그라운드로 올라가던 포트폴리오 등록이 끝나면 사용자가 어느 화면에 있든 가운데에 뜨는 완료 알림. 저절로 사라지지 않고, 「포트폴리오 보기」로 방금 올린 작업물로 넘어가거나 「닫기」로만 닫힌다.",팝업,제안,도달 가능,"{""sheet"": ""화면 목록"", ""data_row"": 10, ""excel_row"": 11}",action,,,A2,권장 안내나 완료 사실만 알려 주는 표면입니다. 페이지 크기여도 화면 조회에서 제외하며 노출·결과·이어가기 행동을 별도로 기록합니다.,3dabdb77b45c0305c1196c689df8446e9f5dbf1a88c82ed91d18e14b7a57f233
IOS-011,ios,signup_password,비밀번호 설정 / 재설정 입력,"가입이나 비밀번호 재설정 과정에서 새 비밀번호를 정하고 한 번 더 확인 입력하는 화면으로, 8자 이상·문자 종류 조합 같은 조건 충족 여부를 입력하는 동안 알려 준다. 이메일 인증번호를 통과해야 들어오고, 가입이면 사용자 ID 만들기로 이어지며 재설정이면 이메일 로그인으로 되돌아간다.",push,제안,도달 가능,"{""sheet"": ""화면 목록"", ""data_row"": 11, ""excel_row"": 12}",screen,signup_password;reset_password_new,,S1,signup_password: 새 계정의 비밀번호를 정하는 가입 단계입니다. 같은 입력 화면을 재설정에 쓰면 reset_password_new를 보내 가입 전환과 계정 복구가 섞이지 않게 합니다. reset_password_new: 계정 복구를 위해 새 비밀번호를 확정합니다. 현재 비밀번호 확인부터 시작하는 설정의 비밀번호 변경과 구분합니다.,9e49f17951d7ba23b5bd4251ead5a51338230dc99a1811a48a1f3aa642657dc1
IOS-012,ios,signup_user_id,사용자 ID 만들기,"프로필에 표시되고 다른 사람이 찾을 때 쓰는 아이디를 정하는 가입 단계로, 입력하는 동안 쓸 수 있는 아이디인지 확인해 준다. 소셜 가입과 이메일 가입 두 경로가 여기서 합류한다.",push,제안,도달 가능,"{""sheet"": ""화면 목록"", ""data_row"": 12, ""excel_row"": 13}",screen,signup_id,,S1,AOS 원본의 ‘온보딩 · 기본정보 입력’ 그룹과 iOS 12행의 ‘사용자 ID 만들기’가 근거입니다. 신규 가입에서 ID를 처음 정하므로 기존 프로필 링크를 바꾸는 my_info_id와 분리합니다.,2450e9a1f19aa5ef18fb4efc314dd31b177cbdc71b7a59ed7b6d3980ffea5e07
IOS-013,ios,signup_name,이름 입력하기 (회원가입 완료),본명이든 활동명이든 프로필에 쓸 이름을 넣고 「회원가입 완료」를 눌러 가입을 마무리하는 마지막 단계. 완료되면 가입 흐름이 닫히고 앱 본화면으로 들어간다.,push,제안,도달 가능,"{""sheet"": ""화면 목록"", ""data_row"": 13, ""excel_row"": 14}",screen,signup_name_ko,,S1,AOS 온보딩 기본정보의 한글 이름과 iOS 가입 완료 단계의 이름 입력을 대응시킵니다. 기존 회원의 이름 수정은 my_info_name_ko로 구분합니다.,9590ccd1a21a0b04c95ff4f6b32012f5b8728f5ade071540dd24be049a829930
IOS-014,ios,login_email,이메일 로그인 (이메일 입력 → 비밀번호 입력),"이메일 주소를 넣고 이어서 비밀번호를 넣는 로그인 화면으로, 두 단계가 한 화면에서 제목만 바뀌며 진행된다. 가입 이력이 없는 이메일이면 약관 동의 시트로, 계정이 잠겼거나 「비밀번호를 잊으셨나요?」를 누르면 이메일 인증번호 화면으로 갈라진다.",push,제안,도달 가능,"{""sheet"": ""화면 목록"", ""data_row"": 14, ""excel_row"": 15}",screen,login_email;login_password,,S1,login_email: 로그인 계정을 이메일로 식별하는 단계입니다. iOS는 비밀번호 단계와 같은 화면을 쓰지만 입력 대상과 다음 분기가 바뀌는 인증 체크포인트여서 이름을 나눕니다. login_password: 입력한 계정의 비밀번호로 로그인합니다. 이메일 단계와 구분하고 오류·재입력만으로 새 조회를 만들지 않습니다.,0d743bf4efd98a1bec9fabd3c60581d261a32c12dc7844751dad22821bb06a96
IOS-015,ios,signup_email_verification,이메일 인증번호 입력,"이메일로 받은 6자리 인증번호를 화면 아래 전용 숫자 키패드로 입력하는 화면으로, 3분 제한 시간과 「인증번호 다시받기」가 함께 놓인다. 신규 가입 확인과 비밀번호 재설정 두 경우에 같은 화면이 쓰인다.",push,제안,도달 가능,"{""sheet"": ""화면 목록"", ""data_row"": 15, ""excel_row"": 16}",screen,signup_email_verify;reset_password_verify,,S2;M2,같은 인증번호 입력 뷰라도 가입 확인과 비밀번호 재설정은 서로 다른 과업입니다. 호출 맥락으로 이름을 나눕니다.,4985c4e63595a4159ac37ee25e5dca7d5bea2d8571ea0857adb5e3d2891e9e50
IOS-016,ios,login_2fa_email,2단계 인증 이메일 코드 입력,"이메일로 받은 6자리 인증번호를 숫자 키패드로 눌러 넣고 로그인을 마무리하는 화면. 2단계 인증을 켠 계정이 이메일로 로그인할 때만 뜨고, 3분 제한 시간이 지나거나 번호가 틀리면 「인증번호 다시 받기」로 새로 받는다.",fullScreenCover,제안,도달 가능,"{""sheet"": ""화면 목록"", ""data_row"": 16, ""excel_row"": 17}",screen,login_2fa_email,,S1,2단계 인증을 켠 계정이 로그인을 마치기 위해 코드를 입력합니다. 설정에서 추가 인증을 처음 켜는 이메일 확인과 결과가 달라 나눕니다.,8beefccfed57d1442cb2c2d865fe5a757044ffa13e01f2875d8b5cc96c0d8f64
IOS-017,ios,join_landing,로그인·가입 랜딩 (소셜/이메일 선택),"로그아웃 상태에서 앱을 켜면 가장 먼저 보이는 화면으로, 카카오·구글·애플·이메일 중 하나를 골라 로그인하거나 가입을 시작한다. 맨 아래 「도움이 필요하신가요?」를 누르면 고객센터로 보내는 메일 작성 창이 열린다.",fullScreenCover,제안,도달 가능,"{""sheet"": ""화면 목록"", ""data_row"": 17, ""excel_row"": 18}",screen,auth_entry,,S1,소셜·이메일 중 인증 방법을 고르는 공통 출발점입니다. AOS 가입 방법 선택과 iOS 로그인·가입 랜딩의 역할을 대응시킵니다.,c44b758ea28db3485a6d8aa04ea3b8bef815621431146cc20d6493165429adb6
IOS-018,ios,onboarding_tutorial_complete,튜토리얼 완료 (입장 영상),"온보딩 가이드의 마지막 장으로, 전체 화면 영상이 재생된다. 12초 뒤 나타나는 「크리에이터 클럽 입장하기」 버튼을 누르면 튜토리얼이 닫히고 앱 본화면으로 들어간다.",fullScreenCover,제안,도달 가능,"{""sheet"": ""화면 목록"", ""data_row"": 18, ""excel_row"": 19}",screen,onboarding_welcome,,S1,가이드 뒤 입장 영상을 감상하고 앱으로 들어가는 목적지입니다. 완료 사실만 보여 주는 알림과 구분해 채택한 정책이며 영상의 독립 분석 필요성은 의미 검토 때 확인합니다.,23e98bd6d236355813c7a7dc7ad9b015470f37e1cb3550dac296dbfcd9b69282
IOS-019,ios,tutorial_intro,튜토리얼 인트로 (온보딩 가이드),"서버가 튜토리얼 대상으로 지정한 계정이 로그인하면 탭 화면 대신 통째로 뜨는 서비스 소개 가이드로, 화면을 누를 때마다 소개 그림이 한 장씩 넘어간다. 끝까지 넘기면 입장 영상으로 이어지고, 우상단 X 로 언제든 건너뛸 수 있다.",fullScreenCover,제안,도달 가능,"{""sheet"": ""화면 목록"", ""data_row"": 19, ""excel_row"": 20}",screen,onboarding_tutorial,,S1,서비스 소개 그림을 탐색하는 가이드입니다. 그림을 넘기는 것은 내부 단계로 기록하고 전체 가이드 진입에만 화면 조회를 보냅니다.,3fdf6cc5fb3a608d8641ccda276b77f52eb5cbdb3fd6b114337887d49305e365
IOS-020,ios,signup_terms_document,가입 약관 전문 보기 (동의 시트 위 전체 높이 시트),"약관 동의 시트에서 항목 오른쪽 「보기」를 누르면 그 위로 올라오는 약관 전문 화면으로, 다 읽고 하단 「동의합니다」를 누르면 그 항목이 동의 처리되며 닫힌다. 본문 안에서 하위 문서로 들어가면 닫기 버튼이 뒤로가기로 바뀐다.",sheet,제안,도달 가능,"{""sheet"": ""화면 목록"", ""data_row"": 20, ""excel_row"": 21}",screen,agreement_document,,M1;S1,약관 전문을 읽는 공통 목적지입니다. 가입·재동의·설정에서 여는 경로와 문서 종류는 계약의 구분 값으로 남기고 이름을 늘리지 않습니다.,fc2e3922b9b5d609805536cafe50fe887049294d0215bf872d670ebfbfc32e51
IOS-021,ios,signup_terms,이용약관 동의 바텀시트 (가입),"「이용약관 동의 후 가입」 시트로, 전체 동의를 켜거나 필수·선택 항목을 하나씩 체크한 뒤 「동의하고 계속」을 눌러 가입을 이어간다. 소셜 계정으로 처음 들어왔거나 아직 가입되지 않은 이메일로 로그인할 때 뜬다.",sheet,현행,도달 가능,"{""sheet"": ""화면 목록"", ""data_row"": 21, ""excel_row"": 22}",screen,signup_terms,,S2,신규 가입에 필요한 동의를 선택·제출합니다. 약관 전문 읽기와 기존 회원 재동의는 목적이 달라 나눕니다.,f045071b23e6f9699484726313f2a0961d476095689bfb0d64d68fdc5a5fb4be
IOS-022,ios,profile_expression_onboarding,자기소개 만들기 (키워드·이미지·소개글 온보딩),"프로필의 자기소개를 처음 채우는 온보딩으로, 나를 나타내는 키워드(스타일·작업 방식·일하는 이유)를 고른 뒤 자기소개 이미지를 1장 이상 올리고 소개 글을 적는다. 한 화면을 스크롤하며 단계가 하나씩 열리고 마지막에 「등록하기」로 저장한다.",fullScreenCover,제안,도달 가능,"{""sheet"": ""화면 목록"", ""data_row"": 22, ""excel_row"": 23}",screen,profile_intro_create,,S1,키워드·이미지·소개글을 처음 등록하는 자기소개 과업입니다. 스크롤하며 열리는 각 항목은 내부 단계로 기록해 하나의 등록 방문으로 묶습니다.,4466e4bb3cf1ac2e14a75078f7f7fca7400809b61cbf38682ba6a6e8b95c0774
IOS-023,ios,profile_expression_edit,자기소개 수정,"이미 등록한 키워드·자기소개 이미지·소개 글이 한꺼번에 펼쳐져 있어 고칠 항목만 바꾸고 「수정하기」로 저장하는 화면. 내 프로필의 소개 관리에서 들어가며, 프로필 배경이 갱신되는 중에는 열리지 않고 「프로필 업데이트가 진행 중이에요.」 토스트만 뜬다.",fullScreenCover,제안,도달 가능,"{""sheet"": ""화면 목록"", ""data_row"": 23, ""excel_row"": 24}",screen,profile_intro_edit,,S1,등록된 자기소개 내용을 고쳐 저장합니다. 배경 갱신 중 토스트만 뜨고 편집기가 열리지 않으면 이 화면 조회를 보내지 않습니다.,b08987bf76dcb7f670952c4ac2f75ffefe74662148c9accd07b23fa39c5905c2
IOS-024,ios,profile_expression_image_viewer,자기소개(표현) 편집 — 첨부 이미지 전체보기,"자기소개에 올린 이미지를 누르면 전체 화면으로 크게 보여 주는 뷰어. 여러 장을 올렸으면 옆으로 넘겨 가며 볼 수 있고, 자기소개 만들기와 수정 어느 쪽에서 들어와도 같은 화면이다.",fullScreenCover,제안,도달 가능,"{""sheet"": ""화면 목록"", ""data_row"": 24, ""excel_row"": 25}",screen,media_viewer,,M1;S1,미디어를 크게 열어 확인하는 동일 목적지입니다. 첨부 종류와 사용 맥락은 별도 값으로 구분합니다.,62a6d461d4af1971c52b5455f9ab9dae49634a264d43d3d90c0ed48cf348045c
IOS-025,ios,profile_cover_onboarding,프로필 커버 만들기 (첫 온보딩),"프로필 커버를 처음 만드는 화면으로, 직업(최대 5개)·커버에 들어갈 한 줄 소개·표지 이미지나 영상·프로필 사진을 순서대로 하나씩 채운다. 「등록하기」로 마치면 「프로필 만들기를 완료했어요.」 토스트와 함께 프로필 탭으로 옮겨 간다.",fullScreenCover,제안,도달 가능,"{""sheet"": ""화면 목록"", ""data_row"": 25, ""excel_row"": 26}",screen,profile_cover_create,,M1;M3;S2,두 OS의 커버 만들기를 하나의 과업으로 셉니다. AOS 여섯 단계가 iOS에 모두 존재한다고 가정하지 않습니다. 실제 단계는 step으로 기록하며 단계마다 화면 조회를 늘리지 않습니다.,25fd5ad33e125128905b2e438ce135336c5809f608cea0f44333a23a88095e40
IOS-026,ios,profile_cover_video_player,프로필 커버 만들기 — 첨부 동영상 전체화면 재생,커버 표지로 붙인 동영상을 눌렀을 때 전체 화면으로 재생해 확인하는 화면. 표지에 사진이 아니라 영상을 올렸을 때만 나온다.,fullScreenCover,제안,도달 가능,"{""sheet"": ""화면 목록"", ""data_row"": 26, ""excel_row"": 27}",screen,media_viewer,,M1;S1,미디어를 크게 열어 확인하는 동일 목적지입니다. 첨부 종류와 사용 맥락은 별도 값으로 구분합니다.,622b0ead5edbbad4048e8128dbc1f9afa0f7d21cc3cf2bba87850a2682ba6c85
IOS-027,ios,profile_cover_image_viewer,프로필 커버 만들기 — 첨부 이미지 전체보기,"커버 표지 이미지나 프로필 사진을 눌렀을 때 전체 화면으로 크게 확인하는 뷰어로, 프로필 사진은 원형으로 보여 준다. 커버 만들기와 수정 양쪽에서 같은 화면이 뜬다.",fullScreenCover,제안,도달 가능,"{""sheet"": ""화면 목록"", ""data_row"": 27, ""excel_row"": 28}",screen,media_viewer,,M1;S1,미디어를 크게 열어 확인하는 동일 목적지입니다. 첨부 종류와 사용 맥락은 별도 값으로 구분합니다.,f66dc122a134e5f359ce63af3a72829549cc60b545ad99f922804ff0064ff5d4
IOS-028,ios,profile_cover_edit,프로필 커버 수정,"이미 만든 커버를 고치는 화면으로, 「원하시는 수정부분을 선택해주세요」 아래 아이디·이름·직업·한 줄 소개·표지 이미지나 영상·프로필 사진이 한꺼번에 펼쳐지고 고칠 항목만 바꿔 「수정하기」로 저장한다. 표지 이미지·영상 한 칸만 바로 여는 진입도 따로 있다.",fullScreenCover,제안,도달 가능,"{""sheet"": ""화면 목록"", ""data_row"": 28, ""excel_row"": 29}",screen,profile_cover_edit,,S1,이미 저장된 커버를 바꿔 저장합니다. 특정 미디어 항목만 바로 여는 진입도 같은 수정 목적이며 새 커버 만들기와 나눕니다.,89e74e5b70cfbb2132c0970c33b780e9118fb1098115f9fc2a5a1b452cf0d480
IOS-029,ios,profile_expression_photo_picker,자기소개 이미지 선택 (시스템 피커),자기소개에 넣을 사진을 아이폰 사진 앨범에서 고르는 시스템 시트. 아직 남아 있는 등록 칸 수만큼만 한 번에 선택할 수 있다.,sheet,제안,도달 가능,"{""sheet"": ""화면 목록"", ""data_row"": 29, ""excel_row"": 30}",system,,,X1,OS 사진·파일 선택기나 메일 작성기입니다. 앱은 열기·선택 결과만 기록하고 시스템 화면 이름을 만들지 않습니다.,302e0400e2cbdf7042d1e9f059e58a0d2c2c13f7401e0aa2449a59ca335d4c35
IOS-030,ios,home,홈(디스커버리 피드) 탭,"앱에 들어오면 처음 만나는 탭으로, 크리에이터와 작업물 카드를 위아래로 넘겨 보는 피드다. 카드에서 바로 리스펙트·댓글·공유를 하거나 눌러서 상세로 들어갈 수 있고, 카드 사이사이에 배너·전광판·추천 크리에이터 줄이 끼어든다.",탭 루트,현행,도달 가능,"{""sheet"": ""화면 목록"", ""data_row"": 30, ""excel_row"": 31}",screen,home_feed,,S1,크리에이터·작업물 카드를 둘러보는 홈 피드입니다. AOS 홈과 iOS 디스커버리의 역할을 맞추며 피드의 개별 카드 노출을 홈 재진입으로 세지 않습니다.,2206a415748650eca12538331c766d8ff168a5c653c95772bac27bd08b61d7dd
IOS-031,ios,muse_comment_list,Muse 한 마디 목록,"Muse(인플루언서) 사용자들이 서비스를 둘러본 소감으로 남긴 짧은 한 마디를 이름·직군과 함께 카드로 모아 보여 준다. 내가 쓴 카드에만 더보기(…)가 붙어 수정·삭제로 이어지고, 앱 안에 여는 버튼이 없어 딥링크로만 들어온다.",push,제안,딥링크 전용,"{""sheet"": ""화면 목록"", ""data_row"": 31, ""excel_row"": 32}",screen,muse_comment_list,,S1,Muse의 한마디를 모아 읽는 목록입니다. 각 카드의 수정·삭제 메뉴는 보조 조작이며 목록의 새 방문으로 세지 않습니다.,b279699ad40c895c6d728f662e6b1413102770b019c1e50c07fca92982e79114
IOS-032,ios,discovery_creator_module,디스커버리 크리에이터 모듈 전체보기,"디스커버리 피드의 추천 크리에이터 가로 줄을 2열 격자로 펼쳐, 그 묶음에 속한 크리에이터를 끝까지 훑어보며 바로 팔로우하거나 눌러서 프로필로 넘어갈 수 있다. 줄 오른쪽 「전체보기 >」로 들어가고, 화면 제목은 서버가 내려준 묶음 이름을 그대로 쓴다.",push,제안,도달 가능,"{""sheet"": ""화면 목록"", ""data_row"": 32, ""excel_row"": 33}",screen,home_creator_list,,S1,홈 추천 줄의 크리에이터를 모두 펼쳐 보는 목록입니다. 피드 안의 가로 줄과 나누며 서버가 바꾸는 묶음 제목은 화면 이름에 넣지 않습니다.,29546f9cb693b728aa37c44147edab337bf1270f6e57ee8074084be329713260
IOS-033,ios,inspiration_list,영감 목록,"링크가 지정한 영감 몇 편으로 시작해 아래로 내리면 다른 영감이 계속 이어 붙는 세로 목록이고, 카드를 누르면 그 영감 상세로 간다. 오른쪽 아래 동그란 버튼으로 새 영감을 올릴 수 있으며, 앱 안에 여는 자리가 없어 딥링크로만 들어온다.",push,제안,딥링크 전용,"{""sheet"": ""화면 목록"", ""data_row"": 33, ""excel_row"": 34}",screen,inspiration_list,,S1,링크로 지정한 영감에서 이어 탐색하는 목록입니다. 딥링크로만 열려도 읽고 상세로 이동하는 목적지가 있어 채택하며 링크별 이름은 만들지 않습니다.,3334a09cc49f9b8fd29c1d044db6c96cdb811139c1410847a83beaf33e312357
IOS-034,ios,inspiration_detail,영감 상세,"짧은 영감 콘텐츠 한 편을 전체 화면으로 보여 주고, 좋아요와 댓글을 남기거나 작성자를 팔로우할 수 있다(공유·신고·수정은 더보기에서). 디스커버리 카드, 좋아요한 영감 목록, 해시태그 묶음에서 들어오고 영감 업로드를 마치면 곧바로 이 화면이 뜬다.",push,현행,도달 가능,"{""sheet"": ""화면 목록"", ""data_row"": 34, ""excel_row"": 35}",screen,inspiration_detail,,S1,영감 한 편을 읽고 반응합니다. 홈·해시태그·좋아요 목록·업로드 완료 뒤의 진입을 같은 이름으로 맞춥니다.,9cc1ff2394edfcb534fcbbfddfa75cfa59ae1684b7db81e28c2877ab1ff7bf4a
IOS-035,ios,portfolio_detail,포트폴리오 상세,"작업물 한 편(이미지·영상·오디오·PDF·글·유튜브)을 전체 화면으로 펼쳐 보여 주고, 리스펙트와 댓글을 남기거나 작성자를 팔로우할 수 있다(공유·신고·수정은 더보기에서). 디스커버리 피드부터 프로필·북마크·검색 결과·프로젝트/팀 상세까지 작업물 카드가 있는 거의 모든 자리에서 들어오며, 목록에서 들어오면 좌우로 넘겨 다음 작업물을 이어 볼 수 있다.",push,현행,도달 가능,"{""sheet"": ""화면 목록"", ""data_row"": 35, ""excel_row"": 36}",screen,portfolio_detail,,S1,작업물 한 편을 읽는 목적지입니다. 미디어 종류와 진입 위치는 이름을 나누지 않으며 다른 작업물로 넘기면 새 방문입니다.,07a93b5d1bf1a48ed9400c84dbde3b948edff2dcf2ed69683d547c2d088e8bb1
IOS-036,ios,portfolio_image_viewer,포트폴리오 사진 전체보기 뷰어,"포트폴리오 상세에서 사진을 누르면 화면을 가득 덮으며 열리는 사진 뷰어. 손가락으로 확대하고 좌우로 넘겨 볼 수 있으며, 사진이 여러 장이면 아래에 썸네일 줄이 서고 기기를 눕히면 가로로도 본다.",fullScreenCover,제안,도달 가능,"{""sheet"": ""화면 목록"", ""data_row"": 36, ""excel_row"": 37}",screen,media_viewer,,M1;S1,미디어를 크게 열어 확인하는 동일 목적지입니다. 첨부 종류와 사용 맥락은 별도 값으로 구분합니다.,4f6d02764764f053c3ae3c75d9761388fc652aa07bd753b8ca0d2db650dc3b5c
IOS-037,ios,muse_comment_manage,Muse 한 마디 관리 시트,"내가 남긴 Muse 한 마디를 「수정하기」·「삭제하기」 두 항목으로 처리하는 시트. 목록에서 내 카드의 더보기(…)를 누르면 열리고, 삭제하면 삭제했다는 토스트가 뜬다.",sheet,제안,도달 가능,"{""sheet"": ""화면 목록"", ""data_row"": 37, ""excel_row"": 38}",action,,,A1,수정하기·삭제하기 두 명령만 고르는 메뉴입니다. 실제 글 입력은 Muse 한 마디 작성·수정 화면에서 하므로 이 메뉴는 ui_action으로 기록합니다.,8e47e0ba19d0b2a66726232f45e48dd1c3001375956325f47c87671c06dd8b4f
IOS-038,ios,muse_comment_input,Muse 한 마디 작성/수정 시트,"Cre8orClub 을 둘러본 소감을 128자 안으로 적어 남기는 시트로, 예시 문구가 뜨는 입력칸과 「한 마디 남기기」 버튼으로 이뤄져 있다. 이미 남긴 한 마디가 있으면 그 글을 불러와 고쳐 쓰는 자리가 된다.",sheet,제안,도달 가능,"{""sheet"": ""화면 목록"", ""data_row"": 38, ""excel_row"": 39}",screen,muse_comment_input,,S2,한마디를 작성하거나 불러와 수정해 저장하는 입력 과업입니다. 작성·수정은 mode로 구분하고 명령만 고르는 37행 메뉴와 나눕니다.,c0af41e2b079d4d236e75df6f0202d04c1d40750398f5181dd60c01b0fe6c812
IOS-039,ios,inspiration_option_owner,내 영감 옵션 시트 (수정·삭제·공유),"내가 올린 영감을 수정·삭제하거나 게시물 공유를 고르는 시트. 디스커버리 영감 카드의 옵션(…)이나 영감 상세의 더보기에서 열리며, 작성자가 나일 때만 이 시트가 뜬다.",sheet,제안,도달 가능,"{""sheet"": ""화면 목록"", ""data_row"": 39, ""excel_row"": 40}",action,,,A1,정렬·첨부 종류·수정/삭제·언어 종류처럼 다음 명령을 고르는 메뉴입니다. 독립 입력 상태나 제출 결과가 없어 화면 조회 대신 선택 행동을 셉니다.,450372d7eb67f1aa2f7ccaeff1096bee7752150d144f782264aabf50e931fd73
IOS-040,ios,portfolio_option_owner,내 작업물 소유자 액션 시트 (대표작·수정·삭제·공유),"내가 올린 작업물을 대표작으로 설정·해제하거나 수정·삭제·게시물 공유를 고르는 시트. 작업물 상세와 디스커버리 카드의 더보기에서 열리고, 팀 작업물이면 대표작 항목이 빠지며 남의 작업물이면 대신 신고·차단이 있는 시트가 뜬다.",sheet,제안,도달 가능,"{""sheet"": ""화면 목록"", ""data_row"": 40, ""excel_row"": 41}",action,,,A1,정렬·첨부 종류·수정/삭제·언어 종류처럼 다음 명령을 고르는 메뉴입니다. 독립 입력 상태나 제출 결과가 없어 화면 조회 대신 선택 행동을 셉니다.,bc6134501720beccf852dd2ed61f5425dee658ab5ac06257ff85a32085713758
IOS-041,ios,home_portfolio_option_my,내 포트폴리오 옵션 (수정·삭제),"디스커버리 피드에서 내 작업물 카드의 더보기(…)를 눌렀을 때 올라오는 소유자 메뉴로, 대표작 설정·수정·삭제·게시물 공유가 들어 있다. 작업물 상세에서 뜨는 소유자 시트와 같은 메뉴를 피드 쪽에서 부르는 자리다.",sheet,제안,도달 가능,"{""sheet"": ""화면 목록"", ""data_row"": 41, ""excel_row"": 42}",action,,,A1,정렬·첨부 종류·수정/삭제·언어 종류처럼 다음 명령을 고르는 메뉴입니다. 독립 입력 상태나 제출 결과가 없어 화면 조회 대신 선택 행동을 셉니다.,9a1f528db304eeadf016638414675468b3e20c572d0fe487d4830924326bfb9b
IOS-042,ios,home_project_card_option_my,내 프로젝트 카드 더보기 (수정·삭제·공유),"디스커버리 피드의 내 프로젝트 카드를 수정·삭제·공유하도록 만들어 둔 소유자 메뉴지만, 이 시트를 열라는 신호를 보내는 자리가 앱 어디에도 없어 지금은 뜨지 않는다.",sheet,제안,도달 불가,"{""sheet"": ""화면 목록"", ""data_row"": 42, ""excel_row"": 43}",action,,,A1;V1,정렬·첨부 종류·수정/삭제·언어 종류처럼 다음 명령을 고르는 메뉴입니다. 독립 입력 상태나 제출 결과가 없어 화면 조회 대신 선택 행동을 셉니다. 현재 원본에는 도달 불가로 적혀 있어 실제 도달 증거 전까지 발송하지 않습니다.,ab2565ec4978833729db026aa384606cd9c3ad2e7d8fe5b679594c81af55e8b9
IOS-043,ios,home_inspiration_comment,영감 댓글 바텀시트 (디스커버리 카드),"디스커버리 피드의 영감 카드에서 댓글 아이콘을 누르면 올라오는 시트로, 상세로 들어가지 않고 그 자리에서 그 영감의 댓글을 읽고 새 댓글·답글을 남길 수 있다. 맨 위에 「댓글」과 개수가 서고, 댓글이 하나도 없으면 남겨 달라는 안내가 대신 뜬다.",sheet,제안,도달 가능,"{""sheet"": ""화면 목록"", ""data_row"": 43, ""excel_row"": 44}",screen,inspiration_comment_list,,S2,영감의 댓글·답글을 읽고 씁니다. 피드에서 바로 연 시트와 상세에서 연 시트의 차이는 진입 위치이며 같은 이름을 사용합니다.,deca93668e14904b6d2a07072851bae3b69181f7d7becc7cf591821ec63745d5
IOS-044,ios,inspiration_detail_comment,영감 상세 댓글 바텀시트,"영감 상세에서 「모든 댓글 보기」나 답글 달기·답글 보기를 누르면 올라오는 시트로, 상세 아래에 몇 개만 보이던 그 영감의 댓글 전체를 읽고 새 댓글·답글을 남긴다.",sheet,제안,도달 가능,"{""sheet"": ""화면 목록"", ""data_row"": 44, ""excel_row"": 45}",screen,inspiration_comment_list,,S2,영감의 댓글·답글을 읽고 씁니다. 피드에서 바로 연 시트와 상세에서 연 시트의 차이는 진입 위치이며 같은 이름을 사용합니다.,7027d0c853d97cfb08b9680b84623845ec05e5741f1da498ee09abb8bd359575
IOS-045,ios,inspiration_option_other,타인 영감 옵션 시트 (프로필 저장·공유·차단·신고),"남이 올린 영감에서 프로필 저장·게시물 공유·사용자 차단·게시물 신고를 고르는 시트이고, 위쪽에는 팔로우·알림 켜기·일촌 신청·대화 걸기처럼 그 상대와의 관계에 따라 달라지는 액션이 함께 붙는다. 신고를 고르면 사유를 고르는 시트로, 「기타」를 고르면 직접 적는 화면으로 이어진다.",sheet,제안,도달 가능,"{""sheet"": ""화면 목록"", ""data_row"": 45, ""excel_row"": 46}",action,,,A1,정렬·첨부 종류·수정/삭제·언어 종류처럼 다음 명령을 고르는 메뉴입니다. 독립 입력 상태나 제출 결과가 없어 화면 조회 대신 선택 행동을 셉니다.,f3e6bf6b9709e9b697c1fea9e9441678e152e12096b5127be5598172a5801fef
IOS-046,ios,portfolio_option_other,타인 포트폴리오 더보기 옵션 시트,"남의 작업물에서 「…」을 누르면 아래에서 올라오는 선택 목록. 프로필 저장·게시물 공유·사용자 차단·게시물 신고는 늘 있고, 상대와의 관계에 따라 일촌·팔로우·알림·대화 걸기(노크 또는 이미 있는 채팅방 열기)가 그 위에 함께 붙는다.",sheet,제안,도달 가능,"{""sheet"": ""화면 목록"", ""data_row"": 46, ""excel_row"": 47}",action,,,A1,정렬·첨부 종류·수정/삭제·언어 종류처럼 다음 명령을 고르는 메뉴입니다. 독립 입력 상태나 제출 결과가 없어 화면 조회 대신 선택 행동을 셉니다.,f1b6e23040dbd159f318e7f3b65497e9c7405e10e47d1c76eca454a75a95f10f
IOS-047,ios,home_portfolio_comment,포트폴리오 댓글 바텀시트 (디스커버리 카드),"디스커버리 카드의 댓글 아이콘을 누르면 올라와, 그 작업물의 댓글을 읽고 직접 쓰거나 답글을 다는 시트. 카드를 거의 다 덮기 때문에 뒤에서 재생 중이던 카드 미디어는 시트를 닫을 때까지 멈춘다.",sheet,제안,도달 가능,"{""sheet"": ""화면 목록"", ""data_row"": 47, ""excel_row"": 48}",screen,portfolio_comment_list,,S2,작업물의 댓글 전체를 읽고 씁니다. 피드·상세·프로필에서 연 댓글은 같은 대상과 기능이므로 하나로 합칩니다.,85a91c5c0021a8edf4e813bf8f1622bae77e800522f6a5916ccf0faaf986c81c
IOS-048,ios,portfolio_detail_comment,포트폴리오 상세 댓글 바텀시트,"작업물 상세의 댓글 버튼, 아래쪽에 몇 개만 보이는 댓글의 「모든 댓글 보기」나 답글 달기를 누르면 올라오는 시트. 그 작업물의 댓글 전체를 읽고 쓰고 답글을 단다.",sheet,제안,도달 가능,"{""sheet"": ""화면 목록"", ""data_row"": 48, ""excel_row"": 49}",screen,portfolio_comment_list,,S2,작업물의 댓글 전체를 읽고 씁니다. 피드·상세·프로필에서 연 댓글은 같은 대상과 기능이므로 하나로 합칩니다.,1966fe3d89bfb21f882bd51a19c93839702645aebacc53719845d97eccf0afa4
IOS-049,ios,portfolio_respect_phrase,리스펙트 한마디 고르기,"작업물에 리스펙트를 보낼 때 함께 남길 한마디를 고르는, 뒤 화면을 어둡게 덮는 전체 화면 팝업. 남의 작업물 카드나 상세에서 별을 누르면 뜨고(내 작업물에는 별이 없다), 오늘 남은 횟수만큼만 고를 수 있으며 이미 보낸 한마디는 켜진 채, 오늘 다른 작품에 써 버린 한마디는 잠긴 채로 함께 선다.",팝업,제안,도달 가능,"{""sheet"": ""화면 목록"", ""data_row"": 49, ""excel_row"": 50}",screen,respect_select,,S2,작업물에 보낼 리스펙트 문구를 선택·제출합니다. 선택 자체가 사용자 반응을 정하는 과업이므로 다음 기능만 고르는 메뉴와 구분해 셉니다.,c42fb202c5c9b3abd2f74290e1c960beeb9815cfabcb26e718b238b1a1eca45b
IOS-050,ios,home_card_long_press,카드 롱프레스 액션 오버레이,"디스커버리 카드를 길게 누르면 화면이 어두워지면서 카드 사본이 떠오르고 위쪽에 정체를 감춘 「???」 라벨이 붙는다. 카드를 그 라벨 쪽으로 밀어 올린 채 손을 떼면 그 카드로 블록깨기가 시작되며, 차단·신고·삭제로 가려진 카드나 작성자 프로필 자리를 누른 경우에는 뜨지 않는다.",팝업,제안,도달 가능,"{""sheet"": ""화면 목록"", ""data_row"": 50, ""excel_row"": 51}",action,,,A1,"카드를 길게 눌러 게임을 시작하는 제스처 오버레이입니다. 카드 조작은 ui_action, 실제 게임이 열리면 해당 게임 화면 조회를 보냅니다. 수정·삭제 옵션 메뉴라고 적었던 이전 분류 사유를 정정합니다.",f2bdc06c4d07365fd31878b47c433bbe174215c27b4e41287bf8826c43d99f4f
IOS-051,ios,detail_browse_unavailable,상세를 열 수 없어요 (탐색 세션 만료 안내),"작업물을 넘겨 보던 기록이 사라져 상세를 펼치지 못할 때 대신 서는 안내 화면. 「상세를 열 수 없어요 / 탐색 세션이 만료되었거나 복구할 수 없어요」 문구와 뒤로 버튼뿐이며, 흔치 않은 예외 상황에서만 보인다.",push,제안,도달 가능,"{""sheet"": ""화면 목록"", ""data_row"": 51, ""excel_row"": 52}",action,,,A3,로딩·빈 목록·실패는 현재 목적지의 상태입니다. 대상이 없어 목적지를 표시하지 못하면 실패 행동만 보내고 가짜 상세 조회를 만들지 않습니다.,4ff651c3eb8f015493783b21bf3ccbc18476476daafa139954c1c0f675602144
IOS-052,ios,'-,콘텐츠 상세 페이저 (스와이프 브라우징 컨테이너),"작업물·영감·프로젝트·프로필 상세를 좌우로 넘겨 가며 이어 볼 수 있게 감싸는 껍데기로, 홈·검색·북마크·팀 등 여러 목록에서 카드를 누르면 이 안에서 상세가 열린다. 그 자체로는 아무것도 그리지 않고, 사용자가 실제로 보는 것은 안에 담긴 각 상세 화면이다.",push,제안,도달 가능,"{""sheet"": ""화면 목록"", ""data_row"": 52, ""excel_row"": 53}",container,,,X2,탭·페이저·웹뷰의 바깥 틀입니다. 실제 보이는 자식 목적지에서 한 번 보냅니다. 웹 목적지를 모르면 진단 기록 후 이름을 등록합니다.,64462a909a3798525b1319d649f93eb44c5006eb5fe0f94e60cf831aa608e4ba
IOS-053,ios,my_profile_card,MY 탭 (내 프로필 루트),"하단 MY 탭을 누르면 열리는 내 프로필로, 내가 쓴 이력과 내가 올린 작업물 카드 두 갈래를 위쪽 세그먼트로 오가며 본다. 오른쪽 위 버튼으로 남에게 보이는 모습을 미리 보거나 공유하고, 설정으로 들어간다.",탭 루트,현행,도달 가능,"{""sheet"": ""화면 목록"", ""data_row"": 53, ""excel_row"": 54}",screen,my_profile,,M1;M4;S1,MY 바깥 탭과 안쪽 프로필에서 중복 발송하지 않습니다. 실제 전면 목적지 한 곳에서만 보냅니다.,28e7d67fe8e8f895034d0f0cb766fa94f0d452320bf8b4cb44cb3aecf56e32a7
IOS-054,ios,my_onboarding_intro,MY 탭 온보딩 인트로 (커버 미선택 회원),"프로필 커버를 아직 한 번도 만들지 않은 회원이 MY 탭에 들어오면 자기 프로필 대신 뜨는 커버 만들기 인트로. 서버에 커버 등록 상태를 물어 갈리며, 이 상태에서는 이력/작업물 세그먼트와 공유 버튼이 빠지고 설정 버튼만 남는다.",탭 루트,제안,도달 가능,"{""sheet"": ""화면 목록"", ""data_row"": 54, ""excel_row"": 55}",screen,my_profile_intro,,S1,커버 미등록 회원에게 프로필 대신 보이는 만들기 안내입니다. 이력·작업물·공유 기능이 없는 상태여서 정상 내 프로필 방문과 나눕니다.,00418c70c332c56600160e31f0ed80f11e16cddea2a91ca183532a27c2dce0bd
IOS-055,ios,basic_info_id,ID 변경,"내 ID 를 새 값으로 바꾸는 화면으로, 입력하는 동안 쓸 수 있는 ID 인지 바로 확인해 준다. 바꾸면 이전 프로필 링크가 끊기고 14일이 지나야 다시 바꿀 수 있다는 안내가 위에 붙으며, 기본 정보에서 들어간다.",push,제안,도달 가능,"{""sheet"": ""화면 목록"", ""data_row"": 55, ""excel_row"": 56}",screen,my_info_id,,S1,기존 회원이 공개 ID를 바꿉니다. 이전 링크 단절·변경 간격 제한이 있는 수정이므로 가입 ID를 처음 만드는 signup_id와 합치지 않습니다.,a7a17aa0fb27e84104d7a155f37c402ae629b9f41b670bbea1360c16935c012c
IOS-056,ios,resume_career_register,경력 추가 · 수정,"프로젝트·활동명, 담당 역할, 기간(진행 중 표시 포함)을 적어 경력 한 줄을 넣거나 고치는 화면. 커리어 관리의 경력 항목에서 들어가고, 고칠 때만 저장 버튼 옆에 삭제 버튼이 함께 선다.",push,제안,도달 가능,"{""sheet"": ""화면 목록"", ""data_row"": 56, ""excel_row"": 57}",screen,resume_career_form,,S1,경력 한 줄의 프로젝트·역할·기간을 입력합니다. 새 행·기존 행은 같은 서식으로 묶어 mode로 구분하고 저장·삭제는 결과로 기록합니다.,cadea2529b2445ce8121ac5573ca455a4b07e0d40f39819d06d0c7cc49ac0b6d
IOS-057,ios,my_profile_preview,내 프로필 미리보기,"내 프로필이 남에게 어떻게 보이는지를 공유용 화면 그대로 확인하고, 그 자리에서 바로 공유할 수 있다. MY 프로필 오른쪽 위 공유 버튼으로 열리며, 프로필이 비공개면 열리는 대신 공개 설정으로 가라는 안내가 뜬다.",push,제안,도달 가능,"{""sheet"": ""화면 목록"", ""data_row"": 57, ""excel_row"": 58}",screen,my_profile_preview,,S1,내 프로필이 타인에게 보이는 모습을 확인하고 공유합니다. 정상 MY 관리와 나누며 비공개 안내만 뜨고 미리보기가 열리지 않으면 보내지 않습니다.,8d6a6f1088a9514f2a6949b5abcf5ff376a8871d3667a3349580a075ff65dc92
IOS-058,ios,basic_info_link_register,링크 등록,"프로필에 걸어 둘 외부 링크 주소와 그 제목을 하나 입력해 저장하는 화면. 기본 정보에서 링크 항목을 누를 때 등록된 링크가 없으면 바로 열리고, 이미 있으면 링크 관리 시트의 수정하기에서 열린다.",push,제안,도달 가능,"{""sheet"": ""화면 목록"", ""data_row"": 58, ""excel_row"": 59}",screen,my_info_link_register,,S1,프로필 링크 주소와 제목을 저장합니다. 기존 링크 수정도 같은 입력 과업이며 링크 열기·삭제 명령만 고르는 메뉴는 제외합니다.,68ab1280f19fea315cfbae2b566fc99d8835e1404e9ae838cd88b2cae24d9dbf
IOS-059,ios,resume_awards_register,수상 · 자격 추가 · 수정,"수상·자격증·교육·라이센스·멤버십/협회·기타 중 구분을 하나 고르고 명칭과 날짜(연·월)를 적어 한 줄을 넣거나 고치는 화면. 커리어 관리의 수상·자격 항목에서 들어가고, 고칠 때만 저장 버튼 옆에 삭제 버튼이 함께 선다.",push,제안,도달 가능,"{""sheet"": ""화면 목록"", ""data_row"": 59, ""excel_row"": 60}",screen,resume_awards_form,,S1,수상·자격 한 줄의 종류·명칭·날짜를 입력합니다. 종류와 추가·수정 상태로 이름을 늘리지 않고 구분 값을 씁니다.,930db764c166df91946b7acf1699c666c64a18262bf91bb4717eba8a31a2e533
IOS-060,ios,basic_info_signature_keyword_register,시그니처 키워드 등록,정체성·작업방식·추구방향 중 한 갈래에 대해 나를 설명하는 키워드를 최대 3개까지 골라 프로필에 붙이는 화면. 다만 이 화면으로 가는 유일한 입구인 시그니처 키워드 목록을 여는 자리가 앱에 남아 있지 않아 사용자에게는 닿지 않는다.,push,제안,도달 불가,"{""sheet"": ""화면 목록"", ""data_row"": 60, ""excel_row"": 61}",reserved,my_info_signature_keyword_register,,S1;V1,한 갈래의 키워드를 골라 등록합니다. 유일한 입구가 도달 불가 목록이므로 선택 화면도 예약하고 발송하지 않습니다.,0317654cdd96bac48eb069ed9badabd1637232af7cf40e49daf7785c1abc152e
IOS-061,ios,basic_info_signature_keyword,시그니처 키워드 목록,"프로필에 붙는 키워드를 정체성·작업방식·추구방향 세 갈래로 나눠 보여 주고, 한 줄을 누르면 그 갈래의 키워드를 고르는 화면으로 넘어간다. 다만 지금은 앱 어디에서도 이 화면을 열어 주지 않아 실제로는 볼 수 없다.",push,제안,도달 불가,"{""sheet"": ""화면 목록"", ""data_row"": 61, ""excel_row"": 62}",reserved,my_info_signature_keyword,,S1;V1,시그니처 키워드를 갈래별로 관리하는 목록입니다. 원본에 여는 입구가 없다고 적혀 있어 이름만 예약하고 도달 확인 전 보내지 않습니다.,847afaa1cbdae8e94774e890ed490f13f6c1eadc7b103a2301a3cc9d640bf043
IOS-062,ios,basic_info_name_en,영문 이름 입력,"성(Last name)과 이름(First name)을 칸에 나눠 적고, 필요하면 미들네임 칸을 펼쳐 더해 영문 이름을 등록한다. 기본 정보 관리의 「이름」을 누르면 뜨는 시트에서 「영문 이름」을 고르면 들어간다.",push,제안,도달 가능,"{""sheet"": ""화면 목록"", ""data_row"": 62, ""excel_row"": 63}",screen,my_info_name_en,,S1,기존 프로필의 성·이름·미들네임을 입력합니다. 한글 이름과 입력 구조가 다르며 가입 단계가 확인되면 signup_name_en을 씁니다.,27b01154985a888a70729c6c66868639d094a959f0534e405bfd56cca7f241f4
IOS-063,ios,basic_info_email_verify,이메일 인증번호 입력,"연락용 이메일 주소를 적고 나면 이어지는 단계로, 그 주소로 보낸 인증번호를 화면 아래 숫자판으로 한 자씩 입력한다. 남은 유효 시간이 옆에서 함께 흐르고, 번호가 틀리면 버튼이 「인증번호 다시 받기」로 바뀐다.",push,제안,도달 가능,"{""sheet"": ""화면 목록"", ""data_row"": 63, ""excel_row"": 64}",screen,my_info_email_verify,,S1,연락용 이메일의 사용 권한을 코드로 확인합니다. 가입·로그인·2단계 인증 설정과 확인 대상이 달라 나눕니다.,5102773c8740bc51cc7d04468f65239a4d37ebef50743a9a25ff7289ff9bdd91
IOS-064,ios,basic_info_phone_register,전화번호 입력,"국가번호를 고르고 전화번호를 적어 연락처를 등록하는 화면. 기본 정보 관리에서 전화번호가 비어 있으면 바로 이 화면이 열리고, 이미 등록돼 있으면 전화번호 시트의 수정하기를 거쳐 전체 화면으로 뜬다.",push,제안,도달 가능,"{""sheet"": ""화면 목록"", ""data_row"": 64, ""excel_row"": 65}",screen,my_info_phone_register,,S1,국가번호와 연락 전화번호를 저장합니다. 기존 번호 유무에 따른 진입 메뉴 차이는 같은 입력 목적의 차이로 보지 않습니다.,eb58bc1fab0bdd504904634578eaa000237472670bbfb520f4a7627ed26bc35c
IOS-065,ios,basic_info_profession,직업 · 전문분야 목록,"등록한 직업·전문분야를 모아 보여 주고 추가하거나 지우며, 「대표 설정」으로 그중 하나를 대표 직업으로 지정한다(직업 5개·대표 1개까지). 기본 정보 관리의 「직업 · 전문분야」 행에서 들어간다.",push,제안,도달 가능,"{""sheet"": ""화면 목록"", ""data_row"": 65, ""excel_row"": 66}",screen,my_info_profession,,S1,등록 직업의 추가·삭제·대표 지정을 관리합니다. 새 직업 후보를 고르는 선택 화면과 관리 대상·할 일이 달라 나눕니다.,e23aaf2ec03e58dce98f9ab8f8f417a16bc417e13b8daf2e58c23639abcfe3a7
IOS-066,ios,resume_management,커리어 관리,"학력·경력·수상 · 자격 세 섹션을 한 화면에 모아 보여 주고, 항목을 누르면 고치고 추가 버튼으로 새로 등록한다. 내 프로필 이력 화면의 커리어 편집 버튼과 딥링크로만 들어갈 수 있다.",push,제안,도달 가능,"{""sheet"": ""화면 목록"", ""data_row"": 66, ""excel_row"": 67}",screen,resume_home,,S1,학력·경력·수상·자격을 관리하는 이력 허브입니다. AOS user_resume과 iOS 커리어 관리를 대응시키고 이력을 타인에게 보여 주는 프로필과 나눕니다.,4895d4c036cad0b72fd531213020f430099a35aee6a5ddd0abb43cbefa712434
IOS-067,ios,project_card_list,프로젝트 카드 목록,"프로젝트 카드 여러 건을 2열 그리드로 훑어보고, 카드를 누르면 상세로 들어가며 오른쪽 아래 동그란 버튼으로 새 프로젝트를 올린다. 앱 화면에는 이 목록으로 가는 버튼이 없고 딥링크로만 열린다.",push,제안,딥링크 전용,"{""sheet"": ""화면 목록"", ""data_row"": 67, ""excel_row"": 68}",screen,project_list,,S1,프로젝트 여러 건을 훑고 상세로 이동합니다. 앱 버튼이 없어도 딥링크로 실제 열리는 목록을 채택하며 개별 카드 조회와 나눕니다.,3c917cece298fbe73c2b2420d0dd5ba55e2607fcdd3c45476783936f646bb1ca
IOS-068,ios,project_detail,프로젝트 카드 상세,"프로젝트 한 건을 전체 화면으로 펼쳐 대표 이미지·소개 글·지원자 수·모집자 정보를 보여 주고, 아래 「지원하기」를 누르면 자기소개를 적어 지원한다(이미 지원했으면 「수락 대기 중」으로 잠기고, 내가 올린 프로젝트면 채팅으로 간다). 프로젝트 등록 완료 직후, 검색 결과, 채팅방 메뉴, 딥링크 등 여러 경로로 들어온다.",push,현행,도달 가능,"{""sheet"": ""화면 목록"", ""data_row"": 68, ""excel_row"": 69}",screen,project_detail,,S1,프로젝트 한 건의 모집 정보·작성자·지원 상태를 읽습니다. 지원서 작성·지원자 관리와 나누고 유입 경로로 이름을 늘리지 않습니다.,9ae2d972c156be52524031dc4e6c9b23e24acf91dcf7565c8b8ad1f1c0645364
IOS-069,ios,profile_detail,프로필 상세 (다른 사용자),"크리에이터 한 명의 프로필로, 이력 보기와 작업물 목록 보기(포폴·프로젝트·영감·소개)를 토글로 오가며 그 사람이 쌓은 것을 훑고 팔로우·대화 같은 행동을 한다. 디스커버리·파인더·검색·채팅 등 앱 곳곳에서 프로필을 누르면 열리며, 비공개이거나 없는 사용자면 내용 대신 안내 알림만 뜬다.",push,제안,도달 가능,"{""sheet"": ""화면 목록"", ""data_row"": 69, ""excel_row"": 70}",screen,profile_detail,,M1;M4;S1,타인 프로필의 이력·작업물·영감·소개를 봅니다. AOS에서 영감 탭만 별도 이름으로 보내던 예외를 없애고 양 OS 모두 같은 이름과 tab 값을 씁니다.,e5428b9ea3b74f73f53ddd11463b83e3fa756183a684ed13deacb8d3efc64c37
IOS-070,ios,profile_introduction,프로필 소개 탭 (프로필 카드 세그먼트 4번째 탭),"작업물 목록의 네 번째 탭으로, 자기소개와 학력·경력·수상 · 자격, 기본정보를 웹 문서로 불러와 한 줄씩 보여 준다. 내 프로필일 때는 각 영역에 편집 버튼이 붙어 거기서 기본 정보 관리나 커리어 입력 화면으로 들어간다.",push,제안,도달 가능,"{""sheet"": ""화면 목록"", ""data_row"": 70, ""excel_row"": 71}",screen,profile_detail;my_profile,,M1;M4;S1,타인 프로필의 이력·작업물·영감·소개를 봅니다. AOS에서 영감 탭만 별도 이름으로 보내던 예외를 없애고 양 OS 모두 같은 이름과 tab 값을 씁니다. MY 바깥 탭과 안쪽 프로필에서 중복 발송하지 않습니다. 실제 전면 목적지 한 곳에서만 보냅니다.,84f2c420cca1843bfdf1fd58b362c5846af3ca89d60b220926b48e5dbaec9b95
IOS-071,ios,resume_education_register,학력 추가 · 수정,"학교명·전공·상태(졸업/재학 중/휴학 중/수료/중퇴)와 재학 기간을 적어 학력 한 줄을 등록하거나 고치는 입력 화면이며, 고칠 때는 삭제도 할 수 있다. 커리어 관리의 학력 섹션에서 추가하기나 기존 항목을 누르면 열리고, 프로필 소개 탭의 학력 편집 버튼으로도 바로 들어온다.",push,제안,도달 가능,"{""sheet"": ""화면 목록"", ""data_row"": 71, ""excel_row"": 72}",screen,resume_education_form,,S1,학력 한 줄의 학교·전공·상태·기간을 입력합니다. 추가·수정은 mode로 구분하고 이력 관리 허브와 입력 방문은 나눕니다.,b85d45740c5661622d0db67eb960a9dd33b19a4d36acfed8bcfba36da0ceb79a
IOS-072,ios,basic_info_name_ko,한글 이름 입력,"한글 이름 한 줄을 적어 등록하는 화면으로, 쓸 수 없는 글자가 섞이면 입력칸 아래에 바로 알려 준다. 기본 정보 관리의 「이름」을 누르면 뜨는 시트에서 「한글 이름」을 고르면 들어간다.",push,제안,도달 가능,"{""sheet"": ""화면 목록"", ""data_row"": 72, ""excel_row"": 73}",screen,my_info_name_ko,,S1,기존 프로필의 한글 이름을 저장합니다. 가입 완료 단계와 목적이 달라 my_info 영역으로 구분합니다.,be683d2b738ca9a09652d0650ed376dcffc3dfec8396c8e656a00648dbaa01b8
IOS-073,ios,basic_info_region_global_city,해외 도시 직접 입력,「활동 중인 지역을 알려주세요」 안내와 함께 나라·도시·지역을 직접 타이핑해 해외 활동 지역을 등록한다. 활동 지역에서 추가하기를 누르고 국가 선택에서 해외를 고르면 이어진다.,push,제안,도달 가능,"{""sheet"": ""화면 목록"", ""data_row"": 73, ""excel_row"": 74}",screen,my_info_region_global_city,,S1,해외 활동 지역을 직접 입력합니다. 국내 목록 선택과 다른 입력 목적지가 열리므로 나누며 나라·도시·지역 칸은 내부 항목입니다.,216fa9eb4abfa5319be0b53eceb395e9054dcf078dc9a92c211ce663c61a07f6
IOS-074,ios,basic_info_region,활동 지역 (기본 정보 관리),"등록한 활동 지역을 모아 보여 주고 추가·삭제하며, 「대표 설정」으로 대표 지역 한 곳을 고른다(지역 5개·대표 1개까지). 기본 정보 관리의 「활동지역」 행에서 들어간다.",push,제안,도달 가능,"{""sheet"": ""화면 목록"", ""data_row"": 74, ""excel_row"": 75}",screen,my_info_region,,M1;S2,iOS 74행과 92행은 같은 RegionListView로 지역 추가·삭제·대표 지정을 합니다. 92행을 읽기 전용으로 제외했던 판단을 정정하고 진입 경로만 previous_screen으로 구분합니다.,f4705283978237e222a299dd2f5ad36e8e528c6bb6e10d98b8581843280a5bb0
IOS-075,ios,basic_info_management,기본 정보 관리,"프로필 이미지·ID·이름·직업·생년월일과 성별·활동지역·이메일·전화번호·링크를 한 줄씩 모아 두고 각 행을 눌러 고치는 편집 허브이며, 몇몇 항목은 공개 범위도 여기서 정한다. 내 프로필의 기본정보 편집 버튼을 누르면 전체 화면으로 덮으며 뜬다.",fullScreenCover,제안,도달 가능,"{""sheet"": ""화면 목록"", ""data_row"": 75, ""excel_row"": 76}",screen,my_info_home,,S1,기본 프로필 항목을 확인하고 편집할 항목을 고르는 허브입니다. 조회·개별 입력과 나누고 데이터를 새로 읽었다고 허브 방문을 재발송하지 않습니다.,ac344aae38702045c7ebf15a8a645f9be559b6934e0b75036523a371e2b84e75
IOS-076,ios,basic_info_email_register,연락 이메일 입력,"가입 계정 이메일과 별개로 연락받을 이메일 주소를 입력하는 전체 화면으로, 입력을 마치면 인증 단계로 이어진다. 기본 정보 관리에서 이메일이 비어 있는 항목을 누르거나 이메일 관리 시트의 「수정하기」를 누르면 열린다.",fullScreenCover,제안,도달 가능,"{""sheet"": ""화면 목록"", ""data_row"": 76, ""excel_row"": 77}",screen,my_info_email_register,,S1,가입 계정과 별개인 연락용 이메일을 입력합니다. 계정 이메일 강제 등록과 나누고 후속 인증은 my_info_email_verify로 기록합니다.,daeca40a61edd2db312cad5602da8c1a0d9c52e9f2bdc1ae3ecff03e93ef2b17
IOS-077,ios,register_email,이메일 등록 (계정 이메일 미보유 강제 등록),가입 계정에 이메일이 없으면 앱에 들어가는 순간 전체 화면으로 덮이는 이메일 등록·인증 화면. 닫기 버튼이 없어 이메일을 등록해 인증을 마쳐야 벗어난다.,fullScreenCover,제안,도달 가능,"{""sheet"": ""화면 목록"", ""data_row"": 77, ""excel_row"": 78}",screen,account_email_required,,S1,계정 이메일 등록·인증을 끝내야 앱으로 돌아가는 관문입니다. 선택적인 연락처 수정과 달리 앱 이용을 막는 조건이므로 나눕니다.,93f089548087743e79a6b44725d463fd1e37cb3a4b91f7d41db53a1fda7b43ed
IOS-078,ios,basic_info_profession_select,직업 · 전문분야 선택,"직업·전문분야를 최대 5개까지 골라 저장하는 전체 화면으로, 고른 순서대로 프로필에 반영된다. 직업 목록 화면의 「추가하기」에서 열리고, 목록에 없는 직업은 「직접 추가하기」로 넘어간다.",fullScreenCover,제안,도달 가능,"{""sheet"": ""화면 목록"", ""data_row"": 78, ""excel_row"": 79}",screen,my_info_profession_select,,S1,직업 후보에서 추가할 항목들을 골라 저장합니다. 찾지 못해 직접 입력할 때는 my_info_profession_direct로 이동합니다.,704f47b1a729a6519b3ad9d40bfcb91ccaa697aaae3e6488a537310deb15c36d
IOS-079,ios,project_application_compose,프로젝트 지원 작성,"프로젝트 리더에게 보낼 자기소개를 적어 지원을 넣는 전체 화면으로, 글자 수 카운터와 지원하기 버튼이 함께 있다. 프로젝트 상세의 「지원하기」를 누르면 열린다.",fullScreenCover,제안,도달 가능,"{""sheet"": ""화면 목록"", ""data_row"": 79, ""excel_row"": 80}",screen,project_application_compose,,S1,프로젝트 리더에게 자기소개를 적어 지원합니다. 모집 내용을 읽는 상세와 나누고 제출 실패·재시도는 같은 작성 방문의 상태입니다.,7015d8cd8f65e909fe1bf2f1647001a67509e5e12074c8152bbda3836369c8a9
IOS-080,ios,basic_info_profile_image_register,프로필 사진 등록(사진 선택 대기),"프로필 사진을 고르려고 사진첩 권한을 묻고 사진첩이 뜨기를 기다리는 동안 잠깐 보이는 빈 대기 화면. 지금은 여기로 들어오는 경로가 없고, 살아 있는 경로는 이 화면 없이 곧장 사진첩을 연다.",fullScreenCover,제안,도달 불가,"{""sheet"": ""화면 목록"", ""data_row"": 80, ""excel_row"": 81}",container,,,A3,"사진첩을 기다리는 빈 대기 표면이며 원본에도 도달 불가로 적혀 있습니다. 실제 사진 선택은 시스템 선택기, 자르기는 이미지 편집 화면에서 처리합니다. 이름 예약 대상에서도 제외합니다.",fe4b47a1cb4a5a778c76e3c3032c06a36f2964b95c80960b39d186a08f0f799f
IOS-081,ios,basic_info_visibility,개인정보 공개설정 시트,"생년월일·성별, 활동지역, 이메일, 전화번호 같은 개인정보를 전체공개·일촌공개·비공개 중 어디까지 보여 줄지 고르는 시트. 기본 정보 관리에서 해당 항목의 공개범위 라벨을 누르면 뜬다.",sheet,제안,도달 가능,"{""sheet"": ""화면 목록"", ""data_row"": 81, ""excel_row"": 82}",screen,my_info_visibility,,S2,프로필 항목의 공개 대상을 바꿉니다. 생년월일·지역·연락처마다 이름을 늘리지 않고 대상 항목을 구분 값으로 남깁니다.,1fda0632fc4e00b253e6344f07761f2a85b2a3dcce6c6f82e83f56ecdb4a6664
IOS-082,ios,profile_collaboration_status,노크 수신 설정 바텀시트,다른 크리에이터가 보내는 새 대화 요청(노크)을 「노크 환영」·「노크 받지 않음」 중에 골라 받을지 말지 바꾸는 시트. 프로필 화면의 노크 수신 설정 항목을 누르면 열린다.,sheet,제안,도달 가능,"{""sheet"": ""화면 목록"", ""data_row"": 82, ""excel_row"": 83}",screen,my_knock_settings,,S2,앞으로 받을 대화 요청의 허용 여부를 바꿉니다. 현재 목록 표시만 바꾸는 정렬과 달리 이후 상대방의 요청 가능성에 영향을 주는 설정 과업입니다.,37e7d279cad03c87afdbb747877b51a5a75676f0fe35e7f5ff9220b1d8dbabd6
IOS-083,ios,basic_info_link,링크 관리 시트,"프로필에 등록해 둔 링크를 수정하거나 삭제하는 시트. 기본 정보 관리에서 이미 등록된 링크를 누르면 뜨고, 등록된 값이 없으면 이 시트 없이 곧장 링크 입력 화면으로 간다.",sheet,제안,도달 가능,"{""sheet"": ""화면 목록"", ""data_row"": 83, ""excel_row"": 84}",action,,,A1,"링크의 수정하기·삭제하기 명령 메뉴입니다. 값을 입력하는 목적지는 별도로 있으며, 여기서는 선택한 명령을 ui_action으로 기록합니다.",d1cb31c353e1705995665e85df28c62afe2c5a225b2be3fe2f51d719277e4df8
IOS-084,ios,basic_info_birth_gender,생년월일 · 성별,"등록된 생년월일과 성별을 한 줄씩 보여 주고 고치거나 삭제하는 시트. 기본 정보 관리의 생년월일·성별 항목에서 열리며, 줄을 누르면 날짜 고르기·성별 고르기로 이어진다.",sheet,제안,도달 가능,"{""sheet"": ""화면 목록"", ""data_row"": 84, ""excel_row"": 85}",screen,my_info_birth_gender,,S2,등록 생년월일·성별을 확인·수정·삭제합니다. 실제 값 관리가 있으므로 안내와 나누고 날짜·성별 선택은 내부 조작으로 둡니다.,4ea041a7c218fd43be94564de5763f5efe820a04a5cf59219172fe39871e3adf
IOS-085,ios,profile_today_visitor,오늘 방문한 사용자 바텀시트,"오늘 내 프로필에 다녀간 사람 목록과 오늘·누적 방문 수를 보여 주는 시트로, 내 프로필에서만 열린다. 목록의 사람을 누르면 그 사람 프로필로 넘어간다.",sheet,제안,도달 가능,"{""sheet"": ""화면 목록"", ""data_row"": 85, ""excel_row"": 86}",screen,my_profile_visitors,,S2,오늘 내 프로필을 방문한 사람과 방문 수를 확인합니다. 시트 형태와 무관하게 목록 탐색이 있으며 타인 프로필에도 같은 기능이 있다고 가정하지 않습니다.,9bce67a9726113506a168ab4f4f852140505813a7c97d2489a137680e6be195d
IOS-086,ios,basic_info_name,이름 언어 선택 시트,"한글 이름과 영문 이름 중 어느 쪽을 고칠지 고르는 갈림 시트로, 지금 등록된 값이 줄마다 함께 보인다. 기본 정보 관리의 이름 항목에서 열리고, 고르면 해당 이름 입력 화면으로 이어진다.",sheet,제안,도달 가능,"{""sheet"": ""화면 목록"", ""data_row"": 86, ""excel_row"": 87}",action,,,A1,정렬·첨부 종류·수정/삭제·언어 종류처럼 다음 명령을 고르는 메뉴입니다. 독립 입력 상태나 제출 결과가 없어 화면 조회 대신 선택 행동을 셉니다. 이전 표의 화면 채택을 철회했습니다.,6813863db4962a9e05f93ac00d65100a210d1aa4c6a8389ed5760be2485cb515
IOS-087,ios,basic_info_email,이메일 관리 시트,"이미 등록해 둔 연락 이메일을 수정하거나 삭제하는 시트. 기본 정보 관리에서 이메일을 누르면 뜨고, 등록된 값이 없으면 이 시트 없이 곧장 입력 화면으로 간다.",sheet,제안,도달 가능,"{""sheet"": ""화면 목록"", ""data_row"": 87, ""excel_row"": 88}",action,,,A1,"이메일의 수정하기·삭제하기 명령 메뉴입니다. 값을 입력하는 목적지는 별도로 있으며, 여기서는 선택한 명령을 ui_action으로 기록합니다.",2ef12983cfa85aa733cfb9aec94d9f92bafc23a9b9e6fd127b6857725d3409dd
IOS-088,ios,basic_info_phone,전화번호 관리 시트,"등록된 전화번호를 수정하거나 삭제하는 시트. 기본 정보 관리에서 전화번호를 누르면 뜨고, 등록된 값이 없으면 이 시트 없이 곧장 입력 화면으로 간다.",sheet,제안,도달 가능,"{""sheet"": ""화면 목록"", ""data_row"": 88, ""excel_row"": 89}",action,,,A1,"전화번호의 수정하기·삭제하기 명령 메뉴입니다. 값을 입력하는 목적지는 별도로 있으며, 여기서는 선택한 명령을 ui_action으로 기록합니다.",450d97611065ebba507652896dda4f45ad50dd9eae6f3f0c43642bffe4693ae8
IOS-089,ios,basic_info_profession_direct,직업 직접 추가,"목록에 없는 직업을 직접 입력해 추가하는 화면으로, 입력하는 동안 아래에 비슷한 직업이 검색돼 나오고 이미 고른 것과 합쳐 5개까지 담을 수 있다. 직업·전문분야 선택의 「직접 추가하기」에서 열린다.",sheet,제안,도달 가능,"{""sheet"": ""화면 목록"", ""data_row"": 89, ""excel_row"": 90}",screen,my_info_profession_direct,,S2,목록에 없는 직업을 입력·추가합니다. 제시된 후보 선택과 결과가 달라 나누고 입력 중 추천 갱신은 같은 방문으로 봅니다.,b85ba5abb6a56685191122f5a2df2c4a6267460ad2c7c1dc728ccec5ae169b41
IOS-090,ios,basic_info_profile_image,프로필 사진 변경 시트,"이미 등록된 프로필 사진을 기본 이미지로 되돌리거나 갤러리에서 새 사진으로 바꾸는 시트. 기본 정보 관리의 프로필 이미지를 누르면 뜨고, 사진이 없으면 이 시트 없이 곧장 사진첩이 열린다.",sheet,제안,도달 가능,"{""sheet"": ""화면 목록"", ""data_row"": 90, ""excel_row"": 91}",action,,,A1,정렬·첨부 종류·수정/삭제·언어 종류처럼 다음 명령을 고르는 메뉴입니다. 독립 입력 상태나 제출 결과가 없어 화면 조회 대신 선택 행동을 셉니다.,65f2260d5f47fe1156b3fc95cbf63e763b0035ee00fa1806cdc64ba22a6165d6
IOS-091,ios,profile_portfolio_comment,프로필 상세 포트폴리오 댓글 바텀시트,"프로필에 걸린 작업물에 달린 댓글을 읽고 새 댓글이나 답글을 남기는 시트. 프로필 본문에서 그 작업물의 댓글을 누르면 열리고, 닫으면 프로필 내용이 다시 불러와진다.",sheet,제안,도달 가능,"{""sheet"": ""화면 목록"", ""data_row"": 91, ""excel_row"": 92}",screen,portfolio_comment_list,,S2,작업물의 댓글 전체를 읽고 씁니다. 피드·상세·프로필에서 연 댓글은 같은 대상과 기능이므로 하나로 합칩니다.,bd50b9532546637b49329917e1d8f53f10306218259b35c36e986bf089f40c3d
IOS-092,ios,profile_activity_region,활동 지역 (프로필 상세 바텀시트),"프로필에 등록한 활동 지역을 최대 5개까지 추가·삭제하고 그중 하나를 대표로 지정하는 시트. 프로필 소개 영역에서 활동 지역을 누르면 열리며, 국가와 국내 도시를 고르는 선택 시트가 안에서 이어진다.",sheet,제안,도달 가능,"{""sheet"": ""화면 목록"", ""data_row"": 92, ""excel_row"": 93}",screen,my_info_region,,M1;S2,iOS 74행과 92행은 같은 RegionListView로 지역 추가·삭제·대표 지정을 합니다. 92행을 읽기 전용으로 제외했던 판단을 정정하고 진입 경로만 previous_screen으로 구분합니다.,54eba8a3ae5c4516613145e495e53aa92d4c0059b1821f1452ef2205c0b33a5d
IOS-093,ios,finder_search,파인더 검색 입력 화면 (최근 검색어·최근 본 크리에이터·인기 검색어·추천 카테고리),"검색창을 누르면 결과 위를 덮으며 올라오는 화면으로, 최근 검색어·최근 본 크리에이터·인기 검색어·추천 카테고리를 한 번에 보여 준다. 항목이나 카테고리 칩을 고르면 바로 검색으로 이어지고, 검색 결과를 보는 중에 검색창을 다시 눌러도 같은 화면이 열린다.",탭 루트,현행,도달 가능,"{""sheet"": ""화면 목록"", ""data_row"": 93, ""excel_row"": 94}",screen,finder_search,,S1,검색어를 정하며 최근 검색·추천 카테고리를 봅니다. 검색창 초점만으로 추정하지 않고 실제 입력 화면이 나타날 때 보냅니다.,ce69cf5f68be0cb875eee6b54d27ac0b8e751e0f58ce1bc6bfee2039ccabd0a1
IOS-094,ios,finder,파인더 탭 (검색 홈),"하단 탭에서 들어가는 탐색·검색의 출발점. 검색하기 전에는 크리에이터·포트폴리오·프로젝트 전체 목록을 탭으로 갈아 가며 둘러보고, 위쪽의 검색창·필터·키워드 추천으로 좁혀 나간다.",탭 루트,현행,도달 가능,"{""sheet"": ""화면 목록"", ""data_row"": 94, ""excel_row"": 95}",screen,finder_home,,S1,검색어 입력 전 콘텐츠를 둘러보는 탐색 출발점입니다. 검색 입력 보조 화면과 검색어를 적용한 결과는 나눕니다.,1586aab81990ea80cddf3fc15e72fcc76fc4f0284623210b0c0a23df6279b720
IOS-095,ios,finder_shuffle_bundle,Shuffle 키워드 묶음 목록,"하나의 키워드로 묶인 크리에이터·작업물·프로젝트·영감 중 한 종류를 2열 격자로 모아 보는 목록으로, 화면 제목은 그 키워드 이름이다. Shuffle! 화면에서 키워드를 누르면 들어오고, 그 링크 말고 앱 안에서 이 화면으로 가는 버튼은 없다.",push,제안,딥링크 전용,"{""sheet"": ""화면 목록"", ""data_row"": 95, ""excel_row"": 96}",screen,finder_keyword_bundle,,S1,고른 키워드의 콘텐츠 목록입니다. 가변 키워드 문자열은 이름에서 빼고 키워드를 고르는 추천 화면과 나눕니다.,348c62a934cb4eb1c9a3cc48cbdb19d9c7a4285d3ee551cdeef5307bbe76430a
IOS-096,ios,finder_shuffle,Shuffle! 키워드 추천,"여러 키워드 카드를 보여 주고 다시 섞어 가며 볼거리를 추천하는 화면으로, 키워드를 고르면 그 키워드로 묶인 목록이 열린다. 제목과 뒤로가기만 앱이 그리고 본문은 웹이며, 파인더 홈 위쪽의 키워드 추천 아이콘으로만 들어간다(검색 결과를 보는 중에는 그 아이콘이 사라진다).",push,제안,도달 가능,"{""sheet"": ""화면 목록"", ""data_row"": 96, ""excel_row"": 97}",screen,finder_keyword_recommend,,S1,키워드 카드를 섞어 볼거리를 고르는 추천 목적지입니다. 웹이어도 기능이 식별되므로 공용 웹뷰 이름 대신 이 이름을 보냅니다.,57e4391e685843f9510e5cb0baa1d89f23566dbb9426ee78a2940fbaad6a4c96
IOS-097,ios,finder_result_portfolio,검색 결과 - 작업물(포트폴리오) 탭,"검색어에 걸린 작업물(포트폴리오)을 2열 격자로 모아 보여 주는 결과 탭. 결과 화면 위쪽의 탭 스위처로 옮겨 오며, 최신 순·리스펙트 많은 순·댓글 많은 순으로 정렬을 바꿀 수 있다.",push,현행,도달 가능,"{""sheet"": ""화면 목록"", ""data_row"": 97, ""excel_row"": 98}",screen,finder_result_portfolio,,S1,검색어로 찾은 작업물 목록입니다. 정렬은 보는 방법만 바꾸므로 행동으로 기록하고 조회를 추가하지 않습니다.,ddfc9ee449741df1e4c2f2f6f058515aa2d55c4c432ff2ce2b8379b9b77a173c
IOS-098,ios,finder_result_creator,검색 결과 - 크리에이터 탭,검색어에 걸린 크리에이터를 2열 카드로 모아 보여 주는 결과 탭이자 검색 결과의 기본 탭. 피드·영감의 해시태그를 눌러 검색으로 넘어오면 대부분 여기에 먼저 착지한다.,push,현행,도달 가능,"{""sheet"": ""화면 목록"", ""data_row"": 98, ""excel_row"": 99}",screen,finder_result_creator,,S1,검색어로 찾은 크리에이터 목록입니다. 작업물·프로젝트와 대상이 달라 나누고 해시태그 유입도 같은 결과 이름을 사용합니다.,65b72e39e453e30d97e3aeadff8af5cf3e0e9ec07565fee4dab736dbdf85f3e0
IOS-099,ios,finder_result_project,검색 결과 - 프로젝트 탭,"검색어에 걸린 프로젝트를 2열 격자로 모아 보여 주는 결과 탭. 결과 화면의 탭 스위처로 옮겨 오거나, 프로젝트 상세에서 해시태그를 누르면 이 탭으로 곧장 들어온다.",push,현행,도달 가능,"{""sheet"": ""화면 목록"", ""data_row"": 99, ""excel_row"": 100}",screen,finder_result_project,,S1,검색어로 찾은 프로젝트 목록입니다. 크리에이터·작업물 결과와 대상 및 지원 경로가 달라 독립 이름을 둡니다.,2151480ccab8be2f2c9c35d0fdb0a8e496187acaaa61ef43d3eda07e5189096d
IOS-100,ios,finder_creator_detail,검색 결과 크리에이터 프로필 페이저 (좌우로 넘겨 보는 프로필),"검색 결과에서 크리에이터를 누르면 열리는 프로필 화면으로, 좌우로 넘기면 결과 목록의 다음·이전 크리에이터 프로필이 이어서 나온다. 새 탐색 방식이 꺼져 있을 때만 쓰이는 대체 경로다.",push,제안,도달 가능,"{""sheet"": ""화면 목록"", ""data_row"": 100, ""excel_row"": 101}",screen,profile_detail,,M1;M4;S1,타인 프로필의 이력·작업물·영감·소개를 봅니다. AOS에서 영감 탭만 별도 이름으로 보내던 예외를 없애고 양 OS 모두 같은 이름과 tab 값을 씁니다.,ed82bc86456196a92ae3184bd325e5b753e839da02332c826886bed3528f1ed1
IOS-101,ios,finder_result_portfolio_sort,작업물 검색 결과 정렬 바텀시트,"작업물 검색 결과의 나열 순서를 최신 순·리스펙트 많은 순·댓글 많은 순 중에서 고르는 시트. 결과 목록 위 정렬 아이콘으로 열고, 고른 뒤 「완료」를 누르면 적용된다.",sheet,제안,도달 가능,"{""sheet"": ""화면 목록"", ""data_row"": 101, ""excel_row"": 102}",action,,,A1,정렬 값을 고르고 적용하는 조작입니다. 완료 버튼과 선택 상태가 있어도 이번 분석 질문은 어떤 정렬을 적용했는지이므로 sort_apply 행동으로 충분하다고 판단했습니다. 필터 전체 편집과의 경계는 설계 선택이며 담당자 재검토 대상입니다.,a559d4069134c933ecfb7dbc599f2cf539a26de7dcb43577af52b61e37305b2c
IOS-102,ios,finder_result_creator_sort,크리에이터 검색 결과 정렬 바텀시트,크리에이터 검색 결과의 나열 순서를 추천 순·최신 순·리스펙트 많은 순 중에서 고르는 시트. 추천 카테고리 칩으로 좁혀 보는 중에는 정렬 아이콘 자체가 사라져 열 수 없다.,sheet,제안,도달 가능,"{""sheet"": ""화면 목록"", ""data_row"": 102, ""excel_row"": 103}",action,,,A1,정렬 값을 고르고 적용하는 조작입니다. 완료 버튼과 선택 상태가 있어도 이번 분석 질문은 어떤 정렬을 적용했는지이므로 sort_apply 행동으로 충분하다고 판단했습니다. 필터 전체 편집과의 경계는 설계 선택이며 담당자 재검토 대상입니다.,a4646a802c9491a7f59f4bf3cb7aad27eecea7b4d63541f8c62d0953022091ed
IOS-103,ios,finder_result_project_sort,프로젝트 검색 결과 정렬 바텀시트,"프로젝트 검색 결과의 나열 순서를 최신 순·추천 순 중에서 고르는 시트. 결과 목록 위 정렬 아이콘으로 열고, 고를 것이 둘뿐이라 다른 정렬 시트보다 짧게 뜬다.",sheet,제안,도달 가능,"{""sheet"": ""화면 목록"", ""data_row"": 103, ""excel_row"": 104}",action,,,A1,정렬 값을 고르고 적용하는 조작입니다. 완료 버튼과 선택 상태가 있어도 이번 분석 질문은 어떤 정렬을 적용했는지이므로 sort_apply 행동으로 충분하다고 판단했습니다. 필터 전체 편집과의 경계는 설계 선택이며 담당자 재검토 대상입니다.,57a4b84453b100379e5f847362337e629668d7948af25fe83f82be682ce6d3fd
IOS-104,ios,finder_filter_region,필터 > 지역 추가,"크리에이터 필터 안에서 지역을 검색해 조건으로 담는 페이지. 최대 5개까지 담을 수 있고, 다 채우면 검색창이 잠기며 「모두 추가했습니다.」 안내가 뜬다.",push,제안,도달 가능,"{""sheet"": ""화면 목록"", ""data_row"": 104, ""excel_row"": 105}",screen,finder_filter,,M3;S2,검색 조건을 여러 항목에 걸쳐 편집하고 적용·취소합니다. 정렬처럼 한 명령을 즉시 고르는 메뉴와 달리 편집 중인 상태와 제출 결과가 있습니다. 내부 선택 단계는 step으로 기록합니다.,b6e3566a2afe75b2b7df52258fac1282c220b040e5963c2300509506df4e6f88
IOS-105,ios,finder_filter_profession,필터 > 직업 추가,"크리에이터 필터 안에서 직업을 검색해 조건으로 담는 페이지. 지역 추가와 같은 모양이며 최대 5개까지 담을 수 있고, 다 채우면 검색창이 잠기며 「모두 추가했습니다.」 안내가 뜬다.",push,제안,도달 가능,"{""sheet"": ""화면 목록"", ""data_row"": 105, ""excel_row"": 106}",screen,finder_filter,,M3;S2,검색 조건을 여러 항목에 걸쳐 편집하고 적용·취소합니다. 정렬처럼 한 명령을 즉시 고르는 메뉴와 달리 편집 중인 상태와 제출 결과가 있습니다. 내부 선택 단계는 step으로 기록합니다.,4be864b6d744e32d957ee3422d1f700e56486d8f04bb519cadcd3560e9c0e6aa
IOS-106,ios,finder_filter_tag,필터 > 해시태그 추가,"필터에 넣을 해시태그를 검색해 고르는 화면. 필터 시트 안에서 열리고 최대 5개까지 담을 수 있는데, 다 채우면 검색창이 잠기고 「모두 추가했습니다.」가 뜬다.",push,제안,도달 가능,"{""sheet"": ""화면 목록"", ""data_row"": 106, ""excel_row"": 107}",screen,finder_filter,,M3;S2,검색 조건을 여러 항목에 걸쳐 편집하고 적용·취소합니다. 정렬처럼 한 명령을 즉시 고르는 메뉴와 달리 편집 중인 상태와 제출 결과가 있습니다. 내부 선택 단계는 step으로 기록합니다.,06d1b7bcf7312f0a0d8db15d36223b51e8e306f6e6c21c63adf61a689b707463
IOS-107,ios,finder_filter,크리에이터·포트폴리오·프로젝트 필터 시트,"뮤즈 여부·성별·나이와 직업·지역·해시태그를 골라 탐색 결과를 좁히는 시트로, 파인더 검색창 옆 필터 아이콘으로만 연다. 보고 있던 결과 탭에 따라 크리에이터·포트폴리오·프로젝트 필터로 갈리고, 적용하지 않은 채 닫으려 하면 확인 알럿이 뜬다.",sheet,제안,도달 가능,"{""sheet"": ""화면 목록"", ""data_row"": 107, ""excel_row"": 108}",screen,finder_filter,,M3;S2,검색 조건을 여러 항목에 걸쳐 편집하고 적용·취소합니다. 정렬처럼 한 명령을 즉시 고르는 메뉴와 달리 편집 중인 상태와 제출 결과가 있습니다. 내부 선택 단계는 step으로 기록합니다.,92502733b548a7576298e3ebcd92792d2b7520d96a965610b6ca59e81964e6c5
IOS-108,ios,chatty_lounge,채티 - 라운지 목록,"관심사가 비슷한 사람들이 모인 단체 대화방(라운지)을 모아 보는 목록. 채티 탭 상단 칩으로 열며 참여 중인 라운지와 추천 라운지가 함께 오고, 하나도 없으면 「라운지 만들기」 버튼이 대신 선다.",탭 루트,제안,도달 가능,"{""sheet"": ""화면 목록"", ""data_row"": 108, ""excel_row"": 109}",screen,lounge_list,,M4;S1,참여·추천 라운지를 탐색하는 목록입니다. 일반 대화 목록과 방문 목적이 달라 구분합니다.,bcdca6e6edf130ee58d46fe3e56598be2b6a1ca76626dcf0944ed7b5395f9fc0
IOS-109,ios,chatty_chat,채티 - 채팅 목록 (탭 기본),"채티 탭을 열면 기본으로 보이는 대화 목록. 1:1·팀·프로젝트 방이 한데 섞여 오고, 눌러서 방에 들어가거나 옆으로 밀어 읽음 처리·알림 끄기·나가기를 한다.",탭 루트,제안,도달 가능,"{""sheet"": ""화면 목록"", ""data_row"": 109, ""excel_row"": 110}",screen,chat_list,,M4;S1,1:1·팀·프로젝트 대화가 모인 목록입니다. 바깥 채티 탭과 중복 발송하지 않습니다.,eae0400f1d5c6ebc45862764c997aa6c5264de0969d0510331500109a562c06d
IOS-110,ios,chatty_project,채티 - 프로젝트 목록,"참여 중인 프로젝트, 지원해 둔 프로젝트, 새로 열린 프로젝트를 자리마다 나눠 보여 주는 목록. 채티 탭 상단 칩으로 열며, 참여 중인 카드는 그 프로젝트의 대화방으로, 나머지는 프로젝트 상세로 넘어간다.",탭 루트,제안,도달 가능,"{""sheet"": ""화면 목록"", ""data_row"": 110, ""excel_row"": 111}",screen,project_chat_list,,M4;S1,참여·지원·추천 프로젝트를 보고 대화방 또는 상세로 이동하는 목록입니다.,7509d607f70647c2304ee1f4bdf15a7742145716d1b9318a9584217568de2039
IOS-111,ios,chatty,채티 탭,"「Chatty」 헤더와 채팅·라운지·프로젝트 칩을 두고, 고른 칩에 맞춰 아래 목록을 갈아 끼우는 대화 탭의 바깥 틀. 실제 내용은 세 하위 목록이 그리고, 헤더 오른쪽 아이콘으로 인맥 둘러보기·연락처·팀 목록에, 칩 줄의 + 로 만들기 패널에 간다.",탭 루트,제안,도달 가능,"{""sheet"": ""화면 목록"", ""data_row"": 111, ""excel_row"": 112}",container,,chat_list;lounge_list;project_chat_list,X2,채티는 세 하위 목록을 담는 바깥 틀입니다. 선택한 목록에서 chat_list·lounge_list·project_chat_list 중 하나만 보내며 바깥 틀은 별도로 보내지 않습니다.,8d9f7bee704f80a823df2858368eef58364914b8109ada96d3c2fa41f9ae49f8
IOS-112,ios,lounge_create,라운지 만들기,"채티의 만들기 패널이나 라운지 목록이 비었을 때 뜨는 버튼으로 열어, 새 라운지의 이름·소개·커버 사진을 넣고 개설하는 화면. 커버를 안 올리면 기본 이미지가 자동으로 채워지고, 개설하면 라운지 목록으로 옮겨 가며 만든 방으로 바로 들어가는 완료 팝업이 뜬다.",push,제안,도달 가능,"{""sheet"": ""화면 목록"", ""data_row"": 112, ""excel_row"": 113}",screen,lounge_create,,S1,새 라운지 이름·소개·커버를 넣고 개설합니다. 생성 후 목록은 새 목적지이고 완료 안내는 결과여서 작성 재진입으로 세지 않습니다.,5621d37ec8283d44a8b120ec74090e29df6f17342f215ab8a4269cecda329238
IOS-113,ios,lounge_edit,라운지 수정,"이미 만든 라운지의 이름·소개·커버 사진을 고쳐 저장하는 화면. 방장에게만 보이는 방 메뉴의 커버 위 「수정」 버튼으로 들어오고, 저장하면 왔던 자리로 되돌아간다.",push,제안,도달 가능,"{""sheet"": ""화면 목록"", ""data_row"": 113, ""excel_row"": 114}",screen,lounge_edit,,S1,기존 라운지 정보를 고쳐 저장합니다. 권한이 있어 실제 열린 편집기만 세고 이름 정의만으로 발송을 추정하지 않습니다.,4b731aefbbdffa7eca4f32507c6bbe76ae9365f494ea78213aaaeeacd9749ef5
IOS-114,ios,alarm_center,알림 센터,"받은 알림을 모아 보는 화면으로, 홈 피드 헤더의 종 아이콘이나 알림 딥링크로 들어온다. 목록 본문은 웹으로 그려져 그 안의 이동은 앱 화면 전환으로 잡히지 않고, 오른쪽 위 톱니를 누르면 알림 설정으로 나간다.",push,제안,도달 가능,"{""sheet"": ""화면 목록"", ""data_row"": 114, ""excel_row"": 115}",screen,notification_center,,S1,받은 알림을 읽고 관련 목적지로 이동합니다. 웹 본문도 알림 센터로 식별하되 내부 이동과 호스트의 중복은 별도 확인합니다.,e10c57839db42b7ffb7aa2b8cc7dedbc46916ebd65bcc8e5cb99f855d6b833b6
IOS-115,ios,network_browse,인맥 둘러보기,"크리에이터들을 원형 다이얼 위에 펼쳐 놓고 훑다가 눌러 상대를 확인하는 화면으로, 채티 헤더 첫 아이콘이나 일촌이 하나도 없을 때 뜨는 「인맥 둘러보기」 버튼, 딥링크로 들어온다. 본문이 웹이라 다이얼과 상대 상세가 한 화면 안에서 오가고, 사람을 길게 누르면 프로필 미리보기 메뉴가 선다.",push,제안,도달 가능,"{""sheet"": ""화면 목록"", ""data_row"": 115, ""excel_row"": 116}",screen,network_browse,,S1,인맥 다이얼에서 크리에이터를 둘러봅니다. 웹 안의 다이얼·미리보기는 같은 탐색으로 묶고 실제 앱 프로필로 이동하면 profile_detail을 보냅니다.,431df87a3464369fd0b691a1fa14746e93c7bb38cd0c30e08a6a26998477775e
IOS-116,ios,project_applicants,지원자 리스트,"프로젝트에 지원한 사람들을 한 명씩 보며 수락하거나 거절하는 화면. 프로젝트 방장에게만 보이는 방 메뉴의 「지원자 N명 보기」나 방 상단 배너로 들어오고, 수락·거절이 아직 서버에 나가지 않아 이 화면 안에서만 목록이 줄어든다.",push,제안,도달 가능,"{""sheet"": ""화면 목록"", ""data_row"": 116, ""excel_row"": 117}",screen,project_applicants,,S1,지원자를 확인하고 수락·거절하는 목록입니다. 원본은 수락·거절이 서버에 반영되지 않는다고 하므로 화면 채택과 기능 성공 검증을 구분합니다.,256f221ce8dea9cc0e06a3b54489f48f95e71657e14cb51d68c9d5ceca4d6012
IOS-117,ios,chat_image_preview,채팅 이미지 뷰어,"채팅에서 주고받은 사진을 전체 화면으로 크게 보는 화면. 말풍선의 사진을 누르면 열리고, 한 메시지에 담긴 최대 10장을 좌우로 넘겨 볼 수 있다.",push,제안,도달 가능,"{""sheet"": ""화면 목록"", ""data_row"": 117, ""excel_row"": 118}",screen,media_viewer,,M1;S1,미디어를 크게 열어 확인하는 동일 목적지입니다. 첨부 종류와 사용 맥락은 별도 값으로 구분합니다.,7607db44372657e6ef3e328c926151dedc13424056820d39157832635825f1c9
IOS-118,ios,chat_room,채팅방,"글과 사진·영상을 주고받는 대화 화면으로, 1:1·라운지·프로젝트·팀 방이 모두 이 한 화면이다. 대화 목록·연락처·프로필·프로젝트 상세·홈 피드와 알림 딥링크 등 여러 곳에서 들어오고, 헤더 오른쪽 버튼으로 방 메뉴를 연다.",push,제안,도달 가능,"{""sheet"": ""화면 목록"", ""data_row"": 118, ""excel_row"": 119}",screen,chat_room_direct;chat_room_lounge;chat_room_project;chat_room_team,,S1,chat_room_direct: 상대와 1:1 메시지를 주고받습니다. 공통 대화 UI를 써도 라운지·프로젝트·팀과 참여 맥락이 달라 방 유형으로 나눕니다. chat_room_lounge: 라운지 참여자끼리 대화합니다. 다른 방 유형과 구분하고 메시지 추가·읽음은 새 방문으로 세지 않습니다. chat_room_project: 프로젝트 협업에 연결된 대화방입니다. 프로젝트 상세 조회와 나누고 공통 대화 UI에서도 실제 방 유형으로 이름을 고릅니다. chat_room_team: 팀 구성원이 대화합니다. 팀 정보를 읽는 상세와 나누고 방·팀 이름을 화면 키에 넣지 않습니다.,7a0e4ed52ecf4a9f69c4c6dd4d1b2f83d806bab334f71a864b733cd6dcf12e98
IOS-119,ios,chat_room_menu,채팅방 메뉴,"지금 들어와 있는 방의 커버·이름·소개와 대화 참여자 목록을 보고 신고·나가기를 하는 화면. 채팅방 헤더 오른쪽 버튼으로 열리며, 1:1·라운지·프로젝트·팀에 따라 보이는 항목이 다르고 방장에게는 라운지 수정·지원자 보기 자리가 더 붙는다.",push,제안,도달 가능,"{""sheet"": ""화면 목록"", ""data_row"": 119, ""excel_row"": 120}",screen,chat_room_menu,,S1,방 정보와 참여자 목록을 읽고 관리하는 독립 목적지입니다. 단순 더보기 명령 메뉴와 구분합니다.,004045d1d721252ce02de3e37772a775eeb322c303d9360272f1f7ad8240bc6a
IOS-120,ios,chatty_create_menu,채티 만들기 패널 (새 채팅·라운지 만들기·프로젝트 만들기),채티 탭의 + 를 누르면 위에서 내려와 화면을 덮는 패널. 「새로운 채팅」·「라운지 만들기」·「프로젝트 만들기」 중 하나를 고르면 패널이 닫히면서 각각 상대 찾기·라운지 개설·프로젝트 만들기 화면으로 넘어간다.,fullScreenCover,제안,도달 가능,"{""sheet"": ""화면 목록"", ""data_row"": 120, ""excel_row"": 121}",action,,,A1,정렬·첨부 종류·수정/삭제·언어 종류처럼 다음 명령을 고르는 메뉴입니다. 독립 입력 상태나 제출 결과가 없어 화면 조회 대신 선택 행동을 셉니다.,8f04657e969a05716e46b9d48ab64bcc5ff5d7581813c59d5ceaa4e25fc7549f
IOS-121,ios,chat_media_player,채팅 미디어 전체화면 재생 (동영상·오디오),채팅방에서 주고받은 동영상·오디오 첨부를 누르면 화면 전체를 덮으며 바로 재생한다. 재생·탐색·닫기는 모두 아이폰 기본 플레이어 컨트롤을 쓴다.,fullScreenCover,제안,도달 가능,"{""sheet"": ""화면 목록"", ""data_row"": 121, ""excel_row"": 122}",screen,media_viewer,,M1;S1,미디어를 크게 열어 확인하는 동일 목적지입니다. 첨부 종류와 사용 맥락은 별도 값으로 구분합니다.,799c36b2c88c6802bf78e01da3f35128898b35d0cce21f27e1ffbcf1f129d99a
IOS-122,ios,lounge_cover_photo_picker,라운지 커버 사진 선택 (시스템 피커),"라운지를 만들거나 수정할 때 커버 이미지를 고르는 아이폰 기본 사진 앨범으로, 한 장만 고를 수 있다. 만들기로 들어오면 기본 커버가 자동으로 채워지므로 그 그림을 바꾸는 길은 여기서 사진을 올리는 것뿐이다.",sheet,제안,도달 가능,"{""sheet"": ""화면 목록"", ""data_row"": 122, ""excel_row"": 123}",system,,,X1,OS 사진·파일 선택기나 메일 작성기입니다. 앱은 열기·선택 결과만 기록하고 시스템 화면 이름을 만들지 않습니다.,52668dd8a7d5e11ea1fbd927ce0ccf267358d11c1ea776a7b4baeafebe16857f
IOS-123,ios,chat_video_picker,채팅 첨부 — 동영상 선택 (시스템 피커),"채팅 첨부 시트의 「동영상」을 누르면 뜨는 아이폰 기본 앨범으로, 영상 한 개만 골라 채팅에 보낸다. 사진 접근 권한을 거부한 상태면 앨범 대신 권한 안내 알럿이 뜬다.",sheet,제안,도달 가능,"{""sheet"": ""화면 목록"", ""data_row"": 123, ""excel_row"": 124}",system,,,X1,OS 사진·파일 선택기나 메일 작성기입니다. 앱은 열기·선택 결과만 기록하고 시스템 화면 이름을 만들지 않습니다.,a39f0fc20250b439706a45346de5ce0df8da0ac13f2325e0a79dee37b9107c24
IOS-124,ios,chat_audio_picker,채팅 첨부 — 오디오 파일 선택 (시스템 파일 피커),"채팅 첨부 시트의 「오디오」를 누르면 뜨는 아이폰 파일 앱 화면으로, mp3·wav 파일만 고를 수 있다. 앨범이 아니라 파일에서 고르는 길이라 이미지·동영상과 달리 사진 접근 권한을 묻지 않는다.",sheet,제안,도달 가능,"{""sheet"": ""화면 목록"", ""data_row"": 124, ""excel_row"": 125}",system,,,X1,OS 사진·파일 선택기나 메일 작성기입니다. 앱은 열기·선택 결과만 기록하고 시스템 화면 이름을 만들지 않습니다.,cc90ee320e9dabc998aec8b8d8e9d44cb3b0f00336eac27041f16b385637be56
IOS-125,ios,chat_image_picker,채팅 첨부 — 이미지 선택 (시스템 피커),"채팅 첨부 시트의 「이미지」를 누르면 뜨는 아이폰 기본 앨범으로, 한 번에 최대 10장까지 골라 채팅에 보낸다. 사진 접근 권한을 거부한 상태면 앨범 대신 권한 안내 알럿이 뜬다.",sheet,제안,도달 가능,"{""sheet"": ""화면 목록"", ""data_row"": 125, ""excel_row"": 126}",system,,,X1,OS 사진·파일 선택기나 메일 작성기입니다. 앱은 열기·선택 결과만 기록하고 시스템 화면 이름을 만들지 않습니다.,759dfd03017b29aec6976fc75a3268798440c183ee1b8d8787d38c897f9ddbb4
IOS-126,ios,chat_room_report_reason,채팅방 신고 사유 선택 바텀시트,"채팅방 메뉴 맨 아래 「채팅방 신고」 버튼(신고할 수 있는 방에서만 보인다)을 누르면 올라오는 시트로, 광고·음란·사기·괴롭힘·사칭 등 사유 하나를 고른다. 지적재산권 침해를 뺀 나머지 신고는 익명으로 처리된다고 안내한다.",sheet,제안,도달 가능,"{""sheet"": ""화면 목록"", ""data_row"": 126, ""excel_row"": 127}",screen,report_reason,,M1;S2,신고 사유를 선택·제출합니다. 대상은 target_type으로 구분하고 기타 사유를 직접 쓰는 입력 과업은 나눕니다.,09ea102953b61bb8dbbf14c63d1125936b362be4078020efb6ae9d2d7437129f
IOS-127,ios,chat_room_report_detail,채팅방 신고 상세 입력 모달,"채팅방 신고 사유에서 「기타 (직접 입력)」을 골랐을 때만 이어서 열리는 「직접 입력」 화면으로, 신고 내용을 글로 적는다. 오른쪽 위 「신고 하기」를 누르면 정말 신고할지 한 번 더 물은 뒤 접수된다.",sheet,제안,도달 가능,"{""sheet"": ""화면 목록"", ""data_row"": 127, ""excel_row"": 128}",screen,report_detail_input,,M1;S2,기타 사유를 직접 적어 신고를 완성합니다. 실제 입력 목적지만 세며 확인 알럿과 접수 결과는 조회에서 제외합니다.,9bb8a9b62e1ac02ad10bc2a7a6cec00e2c788bf9035dbec64cc03c80763c7133
IOS-128,ios,chat_attachment,채팅방 첨부 바텀시트 (이미지·동영상·오디오),채팅 입력창의 + 버튼을 누르면 올라오는 시트로 이미지·동영상·오디오 세 줄이 있다. 한 줄을 고르면 각각에 맞는 아이폰 기본 앨범이나 파일 앱으로 이어진다.,sheet,제안,도달 가능,"{""sheet"": ""화면 목록"", ""data_row"": 128, ""excel_row"": 129}",action,,,A1,정렬·첨부 종류·수정/삭제·언어 종류처럼 다음 명령을 고르는 메뉴입니다. 독립 입력 상태나 제출 결과가 없어 화면 조회 대신 선택 행동을 셉니다.,967a592276f39ddaac2a21d8d4920c50a3f222358bd29fa621f1d69f2748e7b7
IOS-129,ios,lounge_create_complete,라운지 만들기 완료 팝업,"라운지 생성에 성공한 직후 화면 가운데 뜨는 「라운지를 만들었어요」 팝업. 「닫기」를 누르면 이미 옮겨 와 있는 라운지 목록에 남고, 「라운지 보러가기」를 누르면 방금 만든 라운지로 바로 들어간다.",팝업,제안,도달 가능,"{""sheet"": ""화면 목록"", ""data_row"": 129, ""excel_row"": 130}",action,,,A2,권장 안내나 완료 사실만 알려 주는 표면입니다. 페이지 크기여도 화면 조회에서 제외하며 노출·결과·이어가기 행동을 별도로 기록합니다.,ca656e9e70e4e7c1d09ec78366d3c521a8ebe8b8d48ff761a668ab74a86e18d4
IOS-130,ios,contacts_search,인맥 검색 (검색 입력 모드),"인맥 관리 화면 헤더의 돋보기를 누르면 아이디·이름 입력칸이 펼쳐지는 검색 상태로, 별도 화면이 아니라 같은 화면의 다른 모드다. 채티의 「새로운 채팅」이나 검색 딥링크로 들어오면 처음부터 이 상태로 열리고, 검색어를 넣기 전까지는 아래 인맥 목록이 그대로 보인다.",push,제안,도달 가능,"{""sheet"": ""화면 목록"", ""data_row"": 130, ""excel_row"": 131}",action,,contacts_first_connections;contacts_follower;contacts_following,A1;M4,"검색창이 펼쳐진 기존 인맥 목록의 상태입니다. 직접 진입해 목록이 처음 표시되면 해당 인맥 목록 이름을 보내고, 검색 모드 전환 자체는 ui_action으로 기록합니다. 결과가 실제로 뜨면 contacts_search_results를 보냅니다.",299f88d1268ad02d3512fa47554e79c115cb25d195e65776daba4c6ef065cee3
IOS-131,ios,contacts_search_result_first_connections,인맥 검색 결과 - 일촌,"검색어를 넣고 확인하면 인맥 목록을 덮으며 뜨는 결과 화면의 「일촌」 칩 자리로, 내 일촌 가운데 검색어와 맞는 사람만 추려 준다. 검색으로 들어오면 처음 열리는 칩이고, 맞는 사람이 없으면 「검색 결과가 없어요」 안내만 남는다.",push,제안,도달 가능,"{""sheet"": ""화면 목록"", ""data_row"": 131, ""excel_row"": 132}",screen,contacts_search_results,,M1;S1,검색어에 맞는 인맥 관계를 확인합니다. 세 관계 칩은 tab으로 구분하고 기존 목록 검색창에 초점만 준 130행은 새 조회로 세지 않습니다.,2af023a1a036ad83e6be6dcfc6111ad2416853e106e735f4cc18eca9787b6be9
IOS-132,ios,contacts_search_result_follower,인맥 검색 결과 - 팔로워,"인맥 검색 결과에서 「팔로워」 칩을 고른 자리로, 나를 팔로우한 사람 가운데 검색어와 맞는 사람만 보여 준다. 팀은 섞이지 않고 사람만 나온다.",push,제안,도달 가능,"{""sheet"": ""화면 목록"", ""data_row"": 132, ""excel_row"": 133}",screen,contacts_search_results,,M1;S1,검색어에 맞는 인맥 관계를 확인합니다. 세 관계 칩은 tab으로 구분하고 기존 목록 검색창에 초점만 준 130행은 새 조회로 세지 않습니다.,2e7ebc3e78f6f2829ce59c09181666ff3fed24021fcfbc4f83806089a0ba9fee
IOS-133,ios,contacts_search_result_following,인맥 검색 결과 - 팔로잉,"인맥 검색 결과에서 「팔로잉」 칩을 고른 자리로, 내가 팔로우한 대상 가운데 검색어와 맞는 것을 보여 준다. 세 칩 중 유일하게 사람과 팀이 섞여 나오고, 팀 줄의 더보기를 누르면 팀 정보 시트가 열린다.",push,제안,도달 가능,"{""sheet"": ""화면 목록"", ""data_row"": 133, ""excel_row"": 134}",screen,contacts_search_results,,M1;S1,검색어에 맞는 인맥 관계를 확인합니다. 세 관계 칩은 tab으로 구분하고 기존 목록 검색창에 초점만 준 130행은 새 조회로 세지 않습니다.,83399e8cc6c93c8119f0c4780c411d1b95b791e39d1ff7b454ee60b520073767
IOS-134,ios,contacts_first_connections,인맥 관리 - 일촌 탭,"설정의 「인맥 관리」로 들어가면 처음 열리는 탭으로, 받은 일촌 요청과 이미 맺어진 일촌 목록을 보고 상대에게 채팅·노크를 걸거나 프로필로 들어간다. 일촌도 요청도 없으면 「인맥 둘러보기」 버튼만 남아 크리에이터를 둘러보는 화면으로 보낸다.",push,현행,도달 가능,"{""sheet"": ""화면 목록"", ""data_row"": 134, ""excel_row"": 135}",screen,contacts_first_connections,,S1,일촌 요청과 맺어진 일촌을 관리합니다. 타인의 관계를 조회하는 relation_list와 나누며 빈 목록도 같은 목적지입니다.,75f087a5c12e458eddb3798192a0903689e746ce324493fe8927702d7e4d0ce3
IOS-135,ios,contacts_follower,인맥 관리 - 팔로워 탭,"나를 팔로우한 크리에이터 목록을 보여 주는 탭으로, 인맥 관리 화면 안에서 칩을 누르거나 좌우로 넘겨야 오고 밖에서 바로 들어오는 길은 없다. 팔로워가 없으면 「내 프로필 공유하기」 버튼이 대신 뜨는데, 프로필이 비공개면 공유 전에 공개로 바꾸도록 먼저 안내한다.",push,현행,도달 가능,"{""sheet"": ""화면 목록"", ""data_row"": 135, ""excel_row"": 136}",screen,contacts_follower,,S1,나를 팔로우한 사람들을 확인합니다. 내가 팔로우하는 대상과 관계 방향이 달라 나누고 공유 안내는 빈 목록의 상태로 둡니다.,191431b206719a8b883f14d49ac15c3ba771ce31dcf9457848071d61591c2eb9
IOS-136,ios,contacts_following,인맥 관리 - 팔로잉 탭,"내가 팔로우한 크리에이터와 팀을 모아 보여 주고, 각 줄에서 노크(대화 요청)를 보내거나 이미 열린 채팅방으로 들어가고 더보기로 관리할 수 있다. 인맥 관리 화면 위쪽의 「팔로잉」 칩을 누르거나 옆으로 넘겨서 본다.",push,현행,도달 가능,"{""sheet"": ""화면 목록"", ""data_row"": 136, ""excel_row"": 137}",screen,contacts_following,,S1,내가 팔로우한 사람·팀을 관리합니다. 팔로워와 대상 집합이 다르며 팀 상세를 실제 열면 team_detail로 이동합니다.,a1a0884883f3f2dc57c8ace19ff8889e035278d77f6ed427194a58b7b3b07606
IOS-137,ios,contacts_my_club,인맥 관리 - 마이클럽 탭,이름과 로그 값만 코드에 남아 있고 실제로는 열리지 않는 목록 탭. 인맥 관리 화면의 칩은 일촌·팔로워·팔로잉 셋뿐이라 여기로 가는 자리가 없다.,push,제안,도달 가능,"{""sheet"": ""화면 목록"", ""data_row"": 137, ""excel_row"": 138}",reserved,contacts_my_club,,V1,상태 열과 본문 설명이 충돌합니다. 실제로 열리는 탭인지 확인 전까지 예약 이름만 두며 발송하지 않습니다.,da62bac99cb24154c5fb9d4e4d6cac83e52d8f7811a3863fe1d5a97d543e1981
IOS-138,ios,contacts_team_actions,팀 더보기 바텀시트 (알림/팔로우/신고),"팀 알림을 켜고 끄거나, 팀 팔로우를 걸고 취소하거나(취소는 확인 알럿을 한 번 더 거친다), 팀을 신고하는 시트. 인맥 관리 팔로잉 목록과 그 검색 결과의 팀 줄에서 더보기를 누르면 올라온다.",sheet,제안,도달 가능,"{""sheet"": ""화면 목록"", ""data_row"": 138, ""excel_row"": 139}",action,,,A1,정렬·첨부 종류·수정/삭제·언어 종류처럼 다음 명령을 고르는 메뉴입니다. 독립 입력 상태나 제출 결과가 없어 화면 조회 대신 선택 행동을 셉니다.,b88cc05ebbf5ae5aebaa8635413f314f7435cad8c220eb8a8b03e1794eb9d7a5
IOS-139,ios,team_create,팀 만들기,"팀 이름(필수)과 소개 글, 대표 이미지를 넣어 새 팀을 만드는 화면이며 아래에 팀 운영 안내가 붙는다. 팀 목록 화면의 오른쪽 위 + 버튼, 목록 끝의 「새로운 팀을 만들어보세요」, 팀이 하나도 없을 때 뜨는 빈 화면의 「팀 만들기」 셋 중 하나로 들어온다.",push,제안,도달 가능,"{""sheet"": ""화면 목록"", ""data_row"": 139, ""excel_row"": 140}",screen,team_create,,S1,이름·소개·이미지를 넣어 새 팀을 만듭니다. 빈 목록·상단 추가·목록 끝 안내의 진입을 같은 과업으로 합칩니다.,46d4f7c944831625d819a77e7a0323eb570512b548331ce7979b05eba40ce4a0
IOS-140,ios,team_invite,팀 멤버 초대,최근 대화한 크리에이터와 내 인맥에서 고르거나 활동명·아이디로 앱 전체를 검색해 여러 명을 한 번에 팀으로 초대하는 화면. 팀장에게만 팀 페이지 위쪽에 「팀 멤버 초대」 버튼이 서고 거기서만 들어올 수 있다.,push,제안,도달 가능,"{""sheet"": ""화면 목록"", ""data_row"": 140, ""excel_row"": 141}",screen,team_invite,,S1,인맥·최근 대화·검색에서 여러 사람을 골라 초대합니다. 대상 선택·제출이 있는 독립 과업이므로 팀 멤버 조회와 나눕니다.,254f5e536f4d51d6cf12dfbaedf54529f3408d5baf3acae3ae6564409930cc22
IOS-141,ios,team_list,팀 목록 (내 팀 · 합류 요청 인박스),"내가 속한 팀 카드들과 아직 답하지 않은 「팀 초대 요청」을 한 화면에 모아 보여 주고, 요청을 여기서 수락·거절하거나 아래 버튼으로 새 팀을 만든다. 채티(채팅) 탭 헤더의 팀 버튼으로 들어온다.",push,현행,도달 가능,"{""sheet"": ""화면 목록"", ""data_row"": 141, ""excel_row"": 142}",screen,team_list,,M1;S1,AOS 팀 홈과 iOS 팀 목록은 내 팀·합류 요청을 보고 응답하는 목적지입니다. 9/8 양쪽 코드에서 해당 구성을 확인했으며 3.0 실기기 일치는 별도 확인합니다.,25cf74e9b7cc7d62c0705b8f7beb5bee75422bb7b131c8d1d48fb15ea63ba6da
IOS-142,ios,team_detail,팀 상세 (팀 페이지),"한 팀의 대표 이미지·이름 아래 「팀 포폴 · 팀 소개 · 팀 멤버」 세 탭을 보여 주는 팀 페이지로, 팀장에게는 정보 수정과 「팀 멤버 초대」 버튼이 나머지 사람에게는 팔로우 버튼이 선다. 팀 목록·홈 피드·작업물 상세·인맥 관리·팀 채팅방 등 팀 이름이 보이는 자리 곳곳에서 들어오고 딥링크로도 열린다.",push,제안,도달 가능,"{""sheet"": ""화면 목록"", ""data_row"": 142, ""excel_row"": 143}",screen,team_detail,,M4;S1,한 팀의 포트폴리오·소개·멤버를 탐색합니다. 탭은 tab으로 구분하고 특정 탭 딥링크도 상세 진입에 한 번 보냅니다.,d7febbb20c1d4e31d75677275be826af7f3ff8b29dcbbc25ef66de8ed0994b4c
IOS-143,ios,team_detail_member,팀 상세 — 멤버 탭,"팀에 속한 사람들을 활동명과 직업으로 늘어놓고 눌러서 그 사람 프로필로 갈 수 있으며, 팀장은 멤버를 내보내고 팀원은 자기 줄에서 팀을 나간다(아직 답하지 않은 초대는 「수락 대기중」으로만 표시된다). 팀 초대·합류 알림을 누르면 이 탭이 열린 채로 들어온다.",push,제안,도달 가능,"{""sheet"": ""화면 목록"", ""data_row"": 143, ""excel_row"": 144}",screen,team_detail,,M4;S1,한 팀의 포트폴리오·소개·멤버를 탐색합니다. 탭은 tab으로 구분하고 특정 탭 딥링크도 상세 진입에 한 번 보냅니다.,9d995e319117933aa82178eea39599ad1e381de2b218bb50e0cc8dbcabaa100d
IOS-144,ios,team_detail_introduction,팀 상세 — 소개 탭,"팀 팔로워 수, 팀 포폴 조회 수, 팀 리스펙트 수를 나란히 보여 주고 그 아래 팀 소개 글을 읽는 탭. 팀 페이지에서 탭을 눌러 보며, 딥링크로 이 탭이 열린 채 진입할 수도 있다.",push,제안,도달 가능,"{""sheet"": ""화면 목록"", ""data_row"": 144, ""excel_row"": 145}",screen,team_detail,,M4;S1,한 팀의 포트폴리오·소개·멤버를 탐색합니다. 탭은 tab으로 구분하고 특정 탭 딥링크도 상세 진입에 한 번 보냅니다.,0b7a598a93b962d8fb45fce9df76c6926db27f512ee2708719d7f2dc3f387201
IOS-145,ios,team_edit,팀 수정 (팀 해체 진입점),"이미 만든 팀의 이름·소개·대표 이미지를 고치는 화면으로, 맨 아래 「팀 해체하기」가 팀을 없애는 유일한 길이다. 팀 페이지 대표 이미지에 붙은 연필 버튼으로 들어오고, 팀장이 팀 채팅방을 나가려 하면 「팀을 해체해야 채팅방에서 나갈 수 있어요」 안내를 거쳐 여기로 온다.",push,제안,도달 가능,"{""sheet"": ""화면 목록"", ""data_row"": 145, ""excel_row"": 146}",screen,team_edit,,S1,팀 정보를 바꾸거나 해체를 시작합니다. 팀 조회와 나누고 해체 확인 알럿을 수정 화면 재진입으로 세지 않습니다.,0c956470d16be6a7b8181b9fcaecbe9a2888a66f9b54d9b4e5c158281b909c71
IOS-146,ios,setting_2fa,2단계 인증 (2FA),"로그인할 때 이메일 인증을 한 번 더 거치게 하는 2단계 인증을 켜는 화면으로, 「이메일 인증」을 누르면 인증 절차가 전체 화면으로 뜬다. 이미 켜져 있으면 「2단계 인증이 설정됐어요」 안내와 이메일 인증 관리로 가는 행이 대신 보인다.",push,제안,도달 가능,"{""sheet"": ""화면 목록"", ""data_row"": 146, ""excel_row"": 147}",screen,settings_2fa,,S1,추가 이메일 인증의 상태를 확인하고 설정합니다. 로그인 관문과 나누고 설정 완료 안내는 결과로 기록합니다.,266c2ae43854f828f23240f4edcadf332b35280e18493f63993702bdd2ec20a4
IOS-147,ios,setting_2fa_completed,2단계 인증 설정 완료,"2단계 인증 설정을 마쳤다고 알려 주는 안내 화면. 이메일 인증을 끝내면 바로 뜨고, 「확인」을 누르면 앞 화면으로 돌아간다.",push,제안,도달 가능,"{""sheet"": ""화면 목록"", ""data_row"": 147, ""excel_row"": 148}",action,,,A2,권장 안내나 완료 사실만 알려 주는 표면입니다. 페이지 크기여도 화면 조회에서 제외하며 노출·결과·이어가기 행동을 별도로 기록합니다. 이전 표의 화면 채택을 철회했습니다.,be6877071693c19416fc14e1319d861eca7a650f4a48f0d825591ecb1efdb992
IOS-148,ios,setting_2fa_email,2단계 인증(2FA) 추가 — 이메일 인증 관리,"2단계 인증에 쓰기로 한 이메일 주소를 가운데를 가린 형태로 보여 주고, 스위치 하나로 이메일 인증을 켜고 끄는 화면(다시 켜면 인증 절차가 전체 화면으로 뜬다). 2단계 인증이 이미 켜져 있을 때만 앞 화면에 이리로 오는 행이 생긴다.",push,제안,도달 가능,"{""sheet"": ""화면 목록"", ""data_row"": 148, ""excel_row"": 149}",screen,settings_2fa_email,,S1,추가 인증에 쓰는 이메일·사용 여부를 관리합니다. 연락용 이메일과 나누고 다시 켤 때의 코드 입력은 별도 목적지입니다.,9b02f0eb520166e523deb947d134bcb7d56064afbf86c37d81e0f56ddbb0f7fb
IOS-149,ios,setting_personal_info_disagree,개인정보 이용 동의 철회,"동의를 철회하면 프로필 정보가 모두 삭제되고 프로필 등록·AI 추천사·카드 공유·파인더 일부 기능을 못 쓰게 된다고 안내한 뒤, 확인 알럿(프로필을 비공개로 돌리는 대안도 함께 준다)을 거쳐 철회하고 프로필 탭으로 돌려보낸다. 앱 안에 이 화면을 여는 버튼이 없고 딥링크로만 열린다.",push,제안,딥링크 전용,"{""sheet"": ""화면 목록"", ""data_row"": 149, ""excel_row"": 150}",screen,settings_personal_info_withdraw,,M2;S2,동의 철회로 이용 가능 기능이 달라지는 과업입니다. 동의하기와 분리합니다.,d2933cc76961720d1cc4e75428e7d57a1c5507b5d03283c5c74f028e98187739
IOS-150,ios,setting_personal_info_agree,개인정보 이용 동의하기,"프로필을 명함처럼 공유하고 파인더·홈 피드에 노출되는 등 동의하면 할 수 있는 일들을 알려 주고 「동의하기」로 개인정보 수집·이용에 동의하는 화면. 앱 안에 여는 자리가 없고 딥링크로만 열리며, 가입 직후 뜨는 강제 동의 화면과는 다른 화면이다.",push,제안,딥링크 전용,"{""sheet"": ""화면 목록"", ""data_row"": 150, ""excel_row"": 151}",screen,settings_personal_info_consent,,M2;S2,기존 계정의 동의 과업입니다. 동의 철회 및 로그인 후 강제 재동의와 결과가 다릅니다.,9ed6157c05bce93175b153a11bb1e03ad4dc17a7f37b4520d025551f9f74942d
IOS-151,ios,setting_account,계정,"지금 로그인한 계정(이메일·카카오·애플·구글)이 무엇인지 아이콘과 주소로 보여 주고, 공개 범위·비밀번호 변경·2단계 인증으로 넘어가거나 회원 탈퇴를 시작하는 화면. 비밀번호 변경과 2단계 인증 행은 이메일로 가입한 계정에만 보인다.",push,제안,도달 가능,"{""sheet"": ""화면 목록"", ""data_row"": 151, ""excel_row"": 152}",screen,settings_account,,S1,로그인 계정과 인증·탈퇴 설정을 관리합니다. 프로필 연락처와 계정 자격 관리는 과업이 달라 나눕니다.,86238cd02ac4cf7904de133f4897ce7823e44e1ddd23c08d81841129a589c8a6
IOS-152,ios,setting_account_delete_password,계정 삭제 비밀번호 확인,"탈퇴 사유를 고른 뒤 본인 확인으로 비밀번호를 입력받는 단계로, 이메일로 가입한 계정만 거친다(소셜 계정은 각 소셜 로그인 재인증으로 대신한다). 비밀번호를 여러 번 틀려 잠기면 화면이 ""비밀번호를 잊으셨나요?""로 바뀌며 재설정으로 넘어간다.",push,제안,도달 가능,"{""sheet"": ""화면 목록"", ""data_row"": 152, ""excel_row"": 153}",screen,account_delete_password,,S1,이메일 가입자의 탈퇴 전 본인 확인입니다. 소셜 재인증·복구 분기를 이 비밀번호 화면으로 추정하지 않습니다.,0e69c1fe5d9b5f7dc80585fbb19fdbf9d9104ad0b8812a631c6a0df34ea9d5ef
IOS-153,ios,setting_account_delete_confirm,계정 삭제 최종 확인,"""정말 탈퇴하시겠어요?""라며 계정을 지우면 복구할 수 없으니 데이터를 미리 백업하라고 알리고, 돌아가기·삭제하기 중 하나를 고르게 하는 마지막 단계. 삭제하면 탈퇴 완료 안내가 뜨고 확인을 누르는 순간 로그아웃된다.",push,제안,도달 가능,"{""sheet"": ""화면 목록"", ""data_row"": 153, ""excel_row"": 154}",screen,account_delete_confirm,,S1,계정 삭제의 되돌릴 수 없는 결과를 확인하고 최종 결정합니다. 선택이 삭제를 결정하므로 일반 완료 알림과 구분해 셉니다.,080d3d9a3e959f32fd3eaafdc505325c9abee1e5eb563c688e8fd0ac5308b8b7
IOS-154,ios,setting_customer_service,고객센터,"문의 창구를 모아 둔 목록으로, 서비스 동의 화면으로 가거나 이메일 문의를 시작할 수 있다. 이메일 문의를 고르면 확인을 거쳐 메일 작성 화면이 열리고, 메일을 못 여는 기기에서는 문의 주소를 알려 준다.",push,제안,도달 가능,"{""sheet"": ""화면 목록"", ""data_row"": 154, ""excel_row"": 155}",screen,support_home,,S1,문의 채널과 도움말로 이동하는 지원 목록입니다. 메일 작성 선택과 OS 메일 작성기 자체를 고객센터 조회에 합치지 않습니다.,db2640f6166c54249d053c8c98aa0084508a9e2116f0226e3983943d6f606112
IOS-155,ios,setting_visibility,공개 범위,"내 정보를 누구에게까지 보일지 다루는 갈림길 화면으로, 프로필 공개 설정과 차단한 사용자 목록 두 갈래로 나뉜다.",push,제안,도달 가능,"{""sheet"": ""화면 목록"", ""data_row"": 155, ""excel_row"": 156}",screen,settings_visibility,,S1,프로필 공개·차단 관리로 이동하는 허브입니다. 공개 값을 직접 바꾸는 프로필 공개 과업과 나눕니다.,55b2fdb009359c182ab9d473ca604ee8e05e58dd136f84ad682e164dc60aba5c
IOS-156,ios,setting_contents_comments,내 댓글 및 답글,"내가 남긴 댓글과 답글을 모아 보는 화면. 포폴·영감 두 칩으로 나눠 개수와 함께 보여 주고, 항목을 누르면 그 댓글이 달린 콘텐츠로 이동한다.",push,제안,도달 가능,"{""sheet"": ""화면 목록"", ""data_row"": 156, ""excel_row"": 157}",screen,settings_contents_comments,,S1,내 댓글·답글을 모아 봅니다. 포트폴리오·영감 칩은 대상 구분이며 특정 콘텐츠의 전체 댓글 조회와 나눕니다.,ead39825b41889a9745f340c3c55a1e45852d0ba5cb0930cc36d3133bb7e7030
IOS-157,ios,setting_contents_respected,리스펙트한 포트폴리오,"내가 리스펙트를 누른 포트폴리오를 총 개수와 함께 2열 카드로 모아 보여 준다. 카드를 누르면 상세로 들어가 목록을 좌우로 넘겨 가며 이어 볼 수 있고, 하나도 없으면 둘러보기 버튼으로 홈으로 보낸다.",push,제안,도달 가능,"{""sheet"": ""화면 목록"", ""data_row"": 157, ""excel_row"": 158}",screen,settings_contents_respected,,S1,내가 리스펙트한 작업물 목록입니다. 한 작업물에 반응한 사람 목록과 질문이 달라 respect_list와 나눕니다.,e69d86372f807fd55574444883c8d48d12266e0aa9db03fc56545756c9f20613
IOS-158,ios,bookmark_creator,북마크 — 크리에이터 탭,"내가 저장해 둔 크리에이터를 모아 보는 탭. 설정의 북마크를 누르면 이 탭으로 먼저 들어오고, 칩을 누르거나 옆으로 밀면 저장한 포트폴리오 탭으로 넘어간다.",push,현행,도달 가능,"{""sheet"": ""화면 목록"", ""data_row"": 158, ""excel_row"": 159}",screen,bookmark_creator,,S1,저장한 크리에이터를 다시 찾습니다. 저장 작업물과 대상이 다르며 저장 완료 토스트는 목록 방문으로 세지 않습니다.,226f482ecfdf3fe67ffaa21c00baba7b5aa03d7568cf97a6aad76587c4c40ef7
IOS-159,ios,bookmark_portfolio,북마크 — 포트폴리오 탭,"내가 저장해 둔 포트폴리오를 모아 보는 탭. 포트폴리오를 저장했을 때 뜨는 토스트의 ""북마크 보기""를 누르면 바로 이 탭으로 오고, 설정에서 들어올 때는 크리에이터 탭에서 옆으로 밀어 닿는다.",push,현행,도달 가능,"{""sheet"": ""화면 목록"", ""data_row"": 159, ""excel_row"": 160}",screen,bookmark_portfolio,,S1,저장한 작업물을 다시 찾습니다. 설정·저장 안내의 유입은 합치고 작품 상세 방문과 나눕니다.,5dd238051a50485f90855bafce4f9b6032593e5d78d605d457f6859c6057fe75
IOS-160,ios,setting_reset_password,비밀번호 재설정 — 새 비밀번호 입력,"이메일 인증을 마친 다음 새 비밀번호를 입력하고 한 번 더 확인 입력하는 단계로, 8자 이상 등 조건 충족 여부를 입력 중에 알려 준다. 계정 삭제 도중 비밀번호가 잠겼을 때 이어지며, 마치면 자동으로 다시 로그인되거나 실패 시 로그아웃된다.",push,제안,도달 가능,"{""sheet"": ""화면 목록"", ""data_row"": 160, ""excel_row"": 161}",screen,reset_password_new,,S1,계정 복구를 위해 새 비밀번호를 확정합니다. 현재 비밀번호 확인부터 시작하는 설정의 비밀번호 변경과 구분합니다.,927c0eb3887ebf35b34a51070870ce5d1cbcce0bd171bf3e9e784dccd7f660b2
IOS-161,ios,setting_service_agreement,서비스 동의,"광고성 정보 수신처럼 선택으로 받는 동의 항목을 켜고 끄는 화면. 항목마다 ""보기""로 약관 전문을 띄워 볼 수 있고, 항목 구성은 서버가 내려주는 대로 바뀐다.",push,제안,도달 가능,"{""sheet"": ""화면 목록"", ""data_row"": 161, ""excel_row"": 162}",screen,settings_agreements,,S1,선택 동의의 현재 상태를 바꾸는 설정입니다. AOS 이름만 보면 전문 읽기처럼 보여 실제 토글 기능의 대응을 확인해야 합니다.,2775cf5ce6861c8e487591b9b5255959a0df92578b6678b7553f4156d977f2d0
IOS-162,ios,setting_home,설정 홈,"계정·알림·인맥 관리·북마크·콘텐츠와 고객센터·로그아웃이 늘어선 설정 첫 화면으로, 맨 아래에 사업자 정보와 이용약관·개인정보 처리방침·앱 버전이 붙는다. Muse 등급인 사용자에게만 맨 위에 Muse 특권 안내 섹션이 더 보인다.",push,제안,도달 가능,"{""sheet"": ""화면 목록"", ""data_row"": 162, ""excel_row"": 163}",screen,settings_home,,S1,계정·알림·인맥·북마크 설정의 출발점입니다. AOS my_page_menu와 iOS 162행이 같은 허브이므로 settings_home으로 통일합니다.,88bcd635996a83199012681e56d5a0aaa3b9cd97e7d384f6baf01407a2a2617e
IOS-163,ios,setting_notification,알림 설정,"푸시 알림을 받을지와 반응·관계·소식·채티 네 갈래 알림을 각각 켜고 끄는 화면. 맨 위 푸시 알림 행을 누르면 iOS 시스템 설정으로 넘어가고, 시스템 푸시가 꺼져 있으면 아래 네 토글은 손댈 수 없다.",push,제안,도달 가능,"{""sheet"": ""화면 목록"", ""data_row"": 163, ""excel_row"": 164}",screen,settings_notification,,S1,앱 알림의 종류별 수신 여부를 바꿉니다. OS 푸시 설정으로 이동하는 조작은 기록하되 시스템 화면에 앱 이름을 만들지 않습니다.,5e1440224c32072bd7e91c05b096269502d50702ca8f0bcba09c325ba79fd5ac
IOS-164,ios,setting_contents_liked,좋아요한 콘텐츠,내가 좋아요를 누른 콘텐츠를 개수와 함께 모아 보는 화면. 현재 분류는 영감 하나뿐이라 사실상 좋아요한 영감 목록이다.,push,제안,도달 가능,"{""sheet"": ""화면 목록"", ""data_row"": 164, ""excel_row"": 165}",screen,settings_contents_liked,,S1,내가 좋아요한 콘텐츠 목록입니다. 현재 영감뿐이어도 개인 활동으로 모은 집합이므로 일반 영감 탐색과 나눕니다.,34ef5671711ec0f88f6ef7ce8be20c3cbe85f2c7b99b227f706d6998057628f9
IOS-165,ios,setting_blocked_members,차단한 사용자,"내가 차단한 사람을 이름·직군과 함께 목록으로 보여 주고, 각 줄의 ""차단 해제하기""로 차단을 풀 수 있다. 프로필 사진을 누르면 그 사람 프로필로 넘어가며, 아무도 없으면 ""차단한 사용자가 아직 없어요""만 뜬다.",push,제안,도달 가능,"{""sheet"": ""화면 목록"", ""data_row"": 165, ""excel_row"": 166}",screen,settings_blocked_members,,S1,차단한 사람을 확인·해제합니다. 빈 목록은 같은 목적지이고 해제 결과를 새 화면으로 만들지 않습니다.,2289bbc1d0de3aa82d3878ed72b38eeece5b386e529ee171e033c5cb77721e86
IOS-166,ios,setting_contents,콘텐츠,설정 목록의 「콘텐츠」 행으로 들어가는 내 활동 모음. 내가 리스펙트한 작업물·좋아요한 글·내가 쓴 댓글과 답글 세 갈래 중 하나를 골라 각 목록으로 넘어간다.,push,제안,도달 가능,"{""sheet"": ""화면 목록"", ""data_row"": 166, ""excel_row"": 167}",screen,settings_contents,,S1,내 댓글·리스펙트·좋아요 목록으로 이동하는 활동 허브입니다. 콘텐츠를 직접 보는 하위 목록과 나눕니다.,0772e8f5408d2bc2629f2f838c25c12d61aace23591c0e9f08ce38a8e1f780fc
IOS-167,ios,setting_visibility_profile,프로필 공개 범위,"내 프로필을 「전체 공개」로 둘지 「비공개」로 둘지 라디오로 고르는 화면. 설정의 「공개 범위」 목록과 프로필 공유 흐름 양쪽에서 들어오는데, 공유 흐름으로 들어와 전체 공개로 바꾸면 뒤로 나갈 때 내 프로필 미리보기가 이어서 뜬다.",push,제안,도달 가능,"{""sheet"": ""화면 목록"", ""data_row"": 167, ""excel_row"": 168}",screen,settings_visibility_profile,,S1,프로필 전체 공개·비공개를 정합니다. 설정·공유 흐름의 진입 차이는 같은 과업으로 합칩니다.,cb144c5ed558ab5b1a4d40960d32d5ae026b6578540739bc678f1466d30cc0e5
IOS-168,ios,setting_2fa_email_verify,2FA 이메일 인증번호 입력,2단계 인증(2FA)을 켤 때 가입 이메일로 보낸 6자리 인증번호를 자체 숫자패드로 입력하는 전면 화면. 제한 시간 3분이 지나거나 번호가 틀리면 「완료」 버튼이 「인증번호 다시 받기」로 바뀐다.,fullScreenCover,제안,도달 가능,"{""sheet"": ""화면 목록"", ""data_row"": 168, ""excel_row"": 169}",screen,settings_2fa_email_verify,,S1,추가 인증을 켤 권한을 이메일 코드로 확인합니다. 로그인 때 거치는 추가 인증과 목적이 달라 나눕니다.,3743425aadddaec6233cf1f9ed8369466fde0e0560dde35d225e8f6851561b0f
IOS-169,ios,setting_muse_privileges,Muse 특권 안내 (웹뷰),"Muse 등급이 받는 혜택을 설명하는 웹 페이지. 설정 화면 맨 위에 Muse 사용자에게만 보이는 「이 플랫폼의 기준, Muse 특권 안내」 줄을 눌러 연다.",fullScreenCover,제안,도달 가능,"{""sheet"": ""화면 목록"", ""data_row"": 169, ""excel_row"": 170}",screen,settings_muse_privileges,,S1,Muse 혜택을 설명하는 웹 목적지입니다. 다른 URL을 같은 웹뷰로 열었다는 이유만으로 이 이름을 보내지 않습니다.,186d075c9cf2b3fb82063dc8a3ab72efb23686ebd3ec49dbc10ca8394d44fc3d
IOS-170,ios,setting_personal_info_document,개인정보 수집ㆍ이용 안내 문서,개인정보 수집·이용 동의(또는 철회) 화면 아래 「개인정보 수집 및 이용 안내 보기」를 눌러 여는 안내문 전문(웹). 그 부모 화면 자체가 딥링크로만 열려 앱 안에서 눌러 들어가는 길은 없다.,fullScreenCover,제안,딥링크 전용,"{""sheet"": ""화면 목록"", ""data_row"": 170, ""excel_row"": 171}",screen,agreement_document,,M1;S1,약관 전문을 읽는 공통 목적지입니다. 가입·재동의·설정에서 여는 경로와 문서 종류는 계약의 구분 값으로 남기고 이름을 늘리지 않습니다.,970343d4ba762060313109a3b8f912f15ba1db37b4f165741d25276b0761bed2
IOS-171,ios,setting_privacy_policy,개인정보 처리방침 전문,"개인정보를 어떻게 다루는지 적힌 처리방침 전문을 읽기만 하는 웹 문서. 설정 화면 맨 아래 앱 버전이 적힌 푸터의 「개인정보 처리방침」을 눌러 열고, 문서 안에서 하위 항목으로 들어가면 닫기 버튼이 뒤로가기로 바뀐다.",fullScreenCover,제안,도달 가능,"{""sheet"": ""화면 목록"", ""data_row"": 171, ""excel_row"": 172}",screen,agreement_document,,M1;S1,약관 전문을 읽는 공통 목적지입니다. 가입·재동의·설정에서 여는 경로와 문서 종류는 계약의 구분 값으로 남기고 이름을 늘리지 않습니다.,cd0156ac3a06829a22da8f608e47fcd0de721bb5b5ef8e9453ff97310166284c
IOS-172,ios,setting_ad_info_agreement_document,광고성 정보 수신 동의 안내 문서,「서비스 동의」 화면에 놓인 단 하나의 동의 항목인 광고성 정보 수신 동의가 어떤 내용인지 적힌 약관 전문. 그 항목 옆 「보기」를 누르면 화면 전체를 덮으며 뜬다.,fullScreenCover,제안,도달 가능,"{""sheet"": ""화면 목록"", ""data_row"": 172, ""excel_row"": 173}",screen,agreement_document,,M1;S1,약관 전문을 읽는 공통 목적지입니다. 가입·재동의·설정에서 여는 경로와 문서 종류는 계약의 구분 값으로 남기고 이름을 늘리지 않습니다.,36498c4e68b0963d70b49c8532e71fd0556b3eab15edd496a46562265639c90d
IOS-173,ios,setting_change_password,비밀번호 변경,"현재 비밀번호 확인 → 새 비밀번호 입력 → 한 번 더 확인을 한 화면 안에서 단계별로 밟아 비밀번호를 바꾼다. 「계정」 화면의 「비밀번호 변경」에서 열리고, 입력하다 닫으려 하면 「다음에 변경할까요?」로 되묻는다.",fullScreenCover,제안,도달 가능,"{""sheet"": ""화면 목록"", ""data_row"": 173, ""excel_row"": 174}",screen,settings_change_password,,S1,현재 비밀번호를 확인하고 새 값을 저장합니다. 세 입력 단계는 하나의 변경 과업이며 인증을 잃어 복구하는 재설정과 나눕니다.,680661883808bd6b78a542fecd71c5ce11045481cca5af0b98783341c8ecc2c2
IOS-174,ios,setting_reset_password_verify_email,비밀번호 재설정 — 이메일 인증번호 입력,가입 이메일로 보낸 6자리 인증번호를 숫자패드로 입력해 본인을 확인하고 새 비밀번호 설정으로 넘어간다. 계정 삭제 화면에서 비밀번호를 거듭 틀려 계정이 잠긴 탓에 버튼이 「비밀번호 재설정」으로 바뀐 경우에만 열린다.,fullScreenCover,제안,도달 가능,"{""sheet"": ""화면 목록"", ""data_row"": 174, ""excel_row"": 175}",screen,reset_password_verify,,S1,비밀번호 재설정 권한을 인증번호로 확인합니다. 가입 인증과 입력 화면이 같아도 계정 복구 목적이므로 이름을 나눕니다.,a9f17ebf9e55203b85961f53cf0ae1e45115ad58262ea2e7d05428459114c5c5
IOS-175,ios,setting_terms_of_service,이용 약관 전문,서비스 이용 약관 전문을 읽기만 하는 웹 문서. 설정 화면 맨 아래 앱 버전이 적힌 푸터의 「이용 약관」을 눌러 연다.,fullScreenCover,제안,도달 가능,"{""sheet"": ""화면 목록"", ""data_row"": 175, ""excel_row"": 176}",screen,agreement_document,,M1;S1,약관 전문을 읽는 공통 목적지입니다. 가입·재동의·설정에서 여는 경로와 문서 종류는 계약의 구분 값으로 남기고 이름을 늘리지 않습니다.,09b00364294bf9c4343a31b1a172cba255aedab69d6afb4d5c74fd7beac875dd
IOS-176,ios,setting_account_delete_reason_input,탈퇴 사유 직접 입력 (기타),"계정을 삭제하려는 이유를 자유롭게 적어 넣는 「직접 입력」 화면. 탈퇴 사유 목록에서 「기타」를 고른 경우에만 뜨고, 한 글자라도 적어야 「다음」이 눌린다.",fullScreenCover,제안,도달 가능,"{""sheet"": ""화면 목록"", ""data_row"": 176, ""excel_row"": 177}",screen,account_delete_reason_input,,M2;S2,사유 선택 뒤 기타를 고른 경우 별도로 열리는 입력 목적지입니다. 선택 화면과 입력 이탈을 구분합니다.,335dd32af7b223a4f9b5960e3d741cf3e74ee979abb8e13b0ac2e87aa3a3c38b
IOS-177,ios,setting_customer_service_email,이메일 문의 작성 (시스템 메일 작성기),"고객센터의 「이메일 문의」를 누르고 확인 팝업에서 보내기를 고르면 열리는 iOS 기본 메일 작성기로, 고객센터 주소가 받는 사람에 미리 채워져 있다. 앱이 그린 화면이 아니라 OS 화면이며, 기기에 메일 계정이 없으면 대신 안내 알럿이 뜬다.",sheet,제안,도달 가능,"{""sheet"": ""화면 목록"", ""data_row"": 177, ""excel_row"": 178}",system,,,X1,OS 사진·파일 선택기나 메일 작성기입니다. 앱은 열기·선택 결과만 기록하고 시스템 화면 이름을 만들지 않습니다.,1e6fb19930501be6d373902b6e949dbb635213392e27e645aaabe0f00965ed47
IOS-178,ios,setting_account_delete_reason,회원 탈퇴 사유 선택 (바텀시트),"「탈퇴 이유를 알려주실 수 있을까요?」와 함께 준비된 사유를 하나 고르게 하는 탈퇴 첫 단계 시트. 「계정」 화면의 「회원 탈퇴」에서 열리고, 「기타」를 고르면 사유를 직접 적는 화면으로 이어진다.",sheet,제안,도달 가능,"{""sheet"": ""화면 목록"", ""data_row"": 178, ""excel_row"": 179}",screen,account_delete_reason,,S2,탈퇴 이유를 선택해 삭제 절차를 시작합니다. 본인 확인·최종 삭제 결정과 나누고 기타 직접 입력도 별도 목적지입니다.,61a9b2265f7b335bf05cddba1acd51ca4fbaab4d77943ece2379d9b1a02ff969
IOS-179,ios,upload_image_edit,업로드 이미지 편집(크롭·비율),"올릴 사진을 고른 직후 반드시 거치는 편집 화면으로, 확대·이동으로 잘라낼 영역을 맞춘다. 포트폴리오 이미지는 3:4·9:16·4:3·1:1 중 고른 비율이 모든 이미지에 함께 적용되고, 프로젝트 배경 이미지는 비율 선택 없이 회전만 조정한다.",fullScreenCover,제안,도달 가능,"{""sheet"": ""화면 목록"", ""data_row"": 179, ""excel_row"": 180}",screen,media_image_edit,,M1;S2,이미지를 자르거나 회전해 사용할 결과를 확정합니다. 프로필·커버·업로드는 purpose로 나누고 내부 자르기 도구로 조회를 추가하지 않습니다.,54c0549e19a5fccaf522a19cadc4f191e215c69171ea5d599a6e76778874ee36
IOS-180,ios,upload_preview_pdf,업로드 첨부 PDF 미리보기,포트폴리오에 붙인 PDF 의 썸네일을 눌러 페이지를 넘겨 보며 내용을 확인하는 전면 미리보기. 공유·편집 버튼과 파일 이름을 지운 읽기 전용이라 상단 바에는 닫기만 남는다.,fullScreenCover,제안,도달 가능,"{""sheet"": ""화면 목록"", ""data_row"": 180, ""excel_row"": 181}",screen,media_viewer,,M1;S1,미디어를 크게 열어 확인하는 동일 목적지입니다. 첨부 종류와 사용 맥락은 별도 값으로 구분합니다.,b6cec0811d46cdb9e0a37c735ea53e79ccfcadf457570e17808e2ba792095e66
IOS-181,ios,upload_preview_video,업로드 첨부 동영상 미리보기,"올리기 전에 고른 동영상을 전체 화면 플레이어로 재생해 확인하는 화면이고, 열면 곧바로 재생된다. 포트폴리오의 영상 결과물과 프로젝트의 배경 영상이 같은 화면을 쓴다.",fullScreenCover,제안,도달 가능,"{""sheet"": ""화면 목록"", ""data_row"": 181, ""excel_row"": 182}",screen,media_viewer,,M1;S1,미디어를 크게 열어 확인하는 동일 목적지입니다. 첨부 종류와 사용 맥락은 별도 값으로 구분합니다.,f8bd1f5acc691a9543750e652e2122273db616bcd0601845aa1845c29ebaf6fc
IOS-182,ios,upload_preview_audio,업로드 첨부 오디오 재생,"포트폴리오 결과물로 고른 음원을 올리기 전에 들어 보며 확인하는 화면으로, 열면 바로 재생된다. 재생 조작과 닫기는 iOS 기본 플레이어가 그대로 맡는다.",fullScreenCover,제안,도달 가능,"{""sheet"": ""화면 목록"", ""data_row"": 182, ""excel_row"": 183}",screen,media_viewer,,M1;S1,미디어를 크게 열어 확인하는 동일 목적지입니다. 첨부 종류와 사용 맥락은 별도 값으로 구분합니다.,577efa544485babe20d93665013d68a631a0b041cb3ac937d5e76af22281c378
IOS-183,ios,upload_preview_youtube,업로드 첨부 유튜브 미리보기,포트폴리오에 붙인 유튜브 영상을 올리기 전에 확인하는 「유튜브 첨부」 전체 화면. 들어가면 영상이 자동으로 재생되고 닫으면 멈춘다.,fullScreenCover,제안,도달 가능,"{""sheet"": ""화면 목록"", ""data_row"": 183, ""excel_row"": 184}",screen,media_viewer,,M1;S1,미디어를 크게 열어 확인하는 동일 목적지입니다. 첨부 종류와 사용 맥락은 별도 값으로 구분합니다.,54eceec06b2194912a0cb8bfac9358111f951d07fd3b06d633e7129e53160c1b
IOS-184,ios,upload_preview_image,업로드 첨부 이미지 미리보기,"올리기 전에 고른 사진을 전체 화면으로 크게 확인하는 화면. 포트폴리오는 고른 여러 장을 좌우로 넘겨 보고, 프로젝트는 대표 이미지 한 장만 본다.",fullScreenCover,제안,도달 가능,"{""sheet"": ""화면 목록"", ""data_row"": 184, ""excel_row"": 185}",screen,media_viewer,,M1;S1,미디어를 크게 열어 확인하는 동일 목적지입니다. 첨부 종류와 사용 맥락은 별도 값으로 구분합니다.,0641509fd1eaf2d27050113db9d190f493dffac51d184cdd844e3ba9078a48a7
IOS-185,ios,inspiration_edit,영감 수정,"이미 올린 영감의 글과 공개 범위를 고쳐 다시 저장하는 화면으로, 내 영감의 더보기 메뉴에서 「수정」을 누르면 열린다. 작성 때와 달리 콘텐츠 종류를 바꾸는 상단 메뉴가 없고, 안내 문구도 서버가 내려 준 수정용 문구로 바뀐다.",fullScreenCover,제안,도달 가능,"{""sheet"": ""화면 목록"", ""data_row"": 185, ""excel_row"": 186}",screen,inspiration_edit,,S1,게시된 영감을 고칩니다. 새 게시와 나누고 본문·미디어 수정 단계는 같은 방문으로 봅니다.,c8f6476fbc9cec6a333c8897eaf795ab4b8674656d5eeb5721f28e89bbb32fd4
IOS-186,ios,inspiration_create,영감 작성,"「지금 떠오르는 영감을 남겨볼까요?」라는 물음에 맞춰 짧은 글을 적고 공개 범위를 정해 올리는 화면으로, 하단 탭바 가운데 + 버튼을 누르면 언제나 이 화면이 먼저 열린다. 상단 메뉴에서 포트폴리오·프로젝트 작성으로 갈아탈 수 있고, 프로필 커버가 아직 없으면 대신 커버 등록을 권하는 팝업이 뜬다.",fullScreenCover,제안,도달 가능,"{""sheet"": ""화면 목록"", ""data_row"": 186, ""excel_row"": 187}",screen,inspiration_create,,S1,새 영감 콘텐츠를 게시합니다. 포트폴리오로 게시 종류를 바꾸면 목적지가 달라져 portfolio_create로 전환합니다.,dd9f16c69209e56a38c52b4d23bda37266a04df90412f8927f929c17033d4bdb
IOS-187,ios,portfolio_edit,포트폴리오 수정,"이미 올린 작업물을 열어 「원하시는 수정부분을 선택해주세요」에서 제목·설명·결과물 중 고칠 곳을 골라 다시 저장하는 화면. 이미지·영상·오디오·PDF·긴 글·유튜브 어떤 결과물이든 이 한 화면으로 들어오고, 작성 때와 달리 콘텐츠 종류를 바꾸는 메뉴가 없다.",fullScreenCover,제안,도달 가능,"{""sheet"": ""화면 목록"", ""data_row"": 187, ""excel_row"": 188}",screen,portfolio_edit,,M1;S2,기존 포트폴리오를 수정하는 과업입니다. 콘텐츠 유형마다 다른 화면명을 보내지 않습니다.,ede31efaca4e770beac882f26c76880e1001f8d1edad1c5bb2208c9b1eae1b6f
IOS-188,ios,portfolio_create,포트폴리오 작성,"내 작업물을 제목 → 작품 설명·작업 배경 → 결과물 첨부 순서로 올리는 화면으로, 결과물은 이미지·영상·오디오·PDF·유튜브·긴 글 여섯 종류 중 골라 같은 페이지 안에서 붙인다(오디오·긴 글은 배경 그림도 고른다). 탭바 + 버튼은 영감으로 열리므로 여기로 오려면 업로드 화면 상단 메뉴에서 갈아타거나 내 프로필의 등록 버튼·디스커버리 배너로 들어와야 한다.",fullScreenCover,제안,도달 가능,"{""sheet"": ""화면 목록"", ""data_row"": 188, ""excel_row"": 189}",screen,portfolio_create,,M1;M3;S2,미디어 여섯 종류를 같은 작성 화면 안에서 선택합니다. AOS 유형별 이름을 통합하고 media_type·step으로 종류와 단계를 구분합니다.,0192d919ec699b2ee9d0dda20acee8d70e967c8454947585eb3761a735dbea49
IOS-189,ios,project_edit,프로젝트 수정,"이미 올린 프로젝트 모집 글을 열어 「원하시는 수정부분을 선택해주세요」에서 제목·내용과 역할·배경 중 고칠 곳을 골라 다시 저장하는 화면. 프로젝트 상세나 내가 올린 글의 더보기 메뉴에서 「수정」을 눌러 들어오고, 작성 때와 달리 콘텐츠 종류를 바꾸는 메뉴가 없다.",fullScreenCover,제안,도달 가능,"{""sheet"": ""화면 목록"", ""data_row"": 189, ""excel_row"": 190}",screen,project_edit,,S1,게시된 프로젝트의 모집 정보를 고칩니다. 신규 모집 게시와 나누되 진입 경로·미디어 종류별로 수정 이름을 늘리지 않습니다.,524466b08a6a953fa11b257b72e4ed91fc7cdcff9edebc00ac10e1b7251f2c44
IOS-190,ios,project_create,프로젝트 작성,"함께할 사람을 모으는 프로젝트를 제목 → 프로젝트 내용과 필요한 역할 → 배경(이미지·영상·기본 배경)과 포인트 색 순서로 올리는 화면. 프로젝트 목록 우하단의 동그란 등록 버튼, 채티의 만들기 메뉴, 내 프로필에서 열리고 업로드 화면 상단 메뉴로 갈아탈 수도 있다.",fullScreenCover,제안,도달 가능,"{""sheet"": ""화면 목록"", ""data_row"": 190, ""excel_row"": 191}",screen,project_create,,S1,새 프로젝트 카드로 모집 정보를 게시합니다. 제안·작업물 게시와 결과 대상이 다르며 배경·본문 입력은 내부 단계입니다.,27bcadd3f16dea187c5879d0942757249950fb5c173e9ce4d3941b2e858af5fa
IOS-191,ios,upload_media_picker_pdf,업로드 PDF 파일 선택,"포트폴리오 결과물로 PDF 를 붙일 때 뜨는 iOS 기본 파일 선택창으로, 파일 앱에서 PDF 한 개를 고른다. 열리지 않는 파일을 고르면 다른 파일로 다시 시도하라는 알림창이 뜬다.",sheet,제안,도달 가능,"{""sheet"": ""화면 목록"", ""data_row"": 191, ""excel_row"": 192}",system,,,X1,OS 사진·파일 선택기나 메일 작성기입니다. 앱은 열기·선택 결과만 기록하고 시스템 화면 이름을 만들지 않습니다.,33676fb6a47f92abfdfeb03b93ac2bfaf5f9ed9b74f830b6534a2efc61e76bb1
IOS-192,ios,upload_media_picker_video,업로드 동영상 선택(시스템 피커),"기기 사진 보관함에서 동영상 한 개를 고르는 iOS 기본 선택창. 포트폴리오의 영상 결과물과 프로젝트의 배경 영상 두 자리에서 열리고, 사진 접근 권한이 없으면 선택창 대신 설정으로 보내는 알림창이 뜬다.",sheet,제안,도달 가능,"{""sheet"": ""화면 목록"", ""data_row"": 192, ""excel_row"": 193}",system,,,X1,OS 사진·파일 선택기나 메일 작성기입니다. 앱은 열기·선택 결과만 기록하고 시스템 화면 이름을 만들지 않습니다.,75322499a2c5eae34d092dc8dee7f47c749b50778933b260f06b5cd4dc32433e
IOS-193,ios,upload_media_picker_photo,업로드 사진 선택(시스템 피커),"기기 사진 보관함에서 사진을 고르는 iOS 기본 선택창. 포트폴리오 이미지는 이미 고른 장수를 빼고 최대 5장까지, 프로젝트 대표 이미지는 1장만 고를 수 있으며 사진 권한이 없으면 선택창 대신 알림창이 뜬다.",sheet,제안,도달 가능,"{""sheet"": ""화면 목록"", ""data_row"": 193, ""excel_row"": 194}",system,,,X1,OS 사진·파일 선택기나 메일 작성기입니다. 앱은 열기·선택 결과만 기록하고 시스템 화면 이름을 만들지 않습니다.,c5407add4f2aac7d42761ca878733abdf5f9f0d33e26b44247f3b56a685a30d2
IOS-194,ios,upload_media_picker_audio,업로드 오디오 파일 선택,포트폴리오 결과물로 붙일 음원(MP3·WAV·M4A) 한 개를 파일 앱에서 고르는 iOS 기본 파일 선택창. 앞서 올린 포트폴리오가 아직 업로드 중이면 열리지 않고 업로드를 마친 뒤에 하라는 알림창이 뜬다.,sheet,제안,도달 가능,"{""sheet"": ""화면 목록"", ""data_row"": 194, ""excel_row"": 195}",system,,,X1,OS 사진·파일 선택기나 메일 작성기입니다. 앱은 열기·선택 결과만 기록하고 시스템 화면 이름을 만들지 않습니다.,4df0c28b5e0c9af800c5cd8ccae023ea3d0f6f6e0f2d45f8692092174f369738
IOS-195,ios,web_page,웹뷰 전체화면 (로그인 후 openWeb),"배너·푸시·공유 링크가 넘겨 준 주소를 앱 안에서 전체 화면 웹 페이지로 여는 공용 껍데기라, 실제로 무엇이 보이는지는 열린 주소마다 다르다. 링크에 비로그인 사용자용 대체 주소를 함께 실을 수 있고, 앱 화면을 모두 걷어내고 이 화면만 남기도록 지정할 수도 있다.",push,제안,도달 가능,"{""sheet"": ""화면 목록"", ""data_row"": 195, ""excel_row"": 196}",container,,,X2,공용 웹뷰 껍데기입니다. 열린 URL의 등록된 목적지 이름을 호스트 앱에서 한 번 보냅니다. 미등록 URL은 화면 조회 대신 unmapped_destination 진단 기록을 남기고 목적지를 등록합니다.,caf98a4b21455dbed14b62fd0ae62a386213bc47ffb47aa48a0952ab9e38d4e7
IOS-196,ios,join_web,웹뷰 전체화면 — 로그인 전(가입 스택),"로그인하지 않은 상태에서 딥링크·공유 링크를 타고 들어왔을 때 그 웹 페이지를 로그인·가입 화면 위에 전체 화면으로 열어 주는 화면. 앱 안에는 이 화면을 여는 버튼이 없고, 실제 쓰임은 비회원(게스트)용 클럽 페이지다.",push,제안,딥링크 전용,"{""sheet"": ""화면 목록"", ""data_row"": 196, ""excel_row"": 197}",container,,,X2,공용 웹뷰 껍데기입니다. 열린 URL의 등록된 목적지 이름을 호스트 앱에서 한 번 보냅니다. 미등록 URL은 화면 조회 대신 unmapped_destination 진단 기록을 남기고 목적지를 등록합니다.,63e382fb5bb7f8dd5a1971d71ea9bfa95c9d2440ff15be0840bb459aa78f7c10
IOS-197,ios,club_waiting_web,"클럽 대기 랜딩 (웹, lineup/club/<des>)","클럽 대기 공유 링크를 눌렀을 때 앱 안 웹으로 열리는 클럽 대기 페이지. 로그인 여부에 따라 회원용·게스트용 주소로 갈리고, 링크에 클럽 식별값이 없으면 아무 화면도 열리지 않는다.",push,제안,도달 가능,"{""sheet"": ""화면 목록"", ""data_row"": 197, ""excel_row"": 198}",screen,club_waiting,,S1,클럽 입장 전 대기 상태를 확인하는 웹 목적지입니다. 입장 기능이 있는 랜딩과 다음 행동이 달라 나눕니다.,f1e45e0ab7a552696ecf0591c81adbb5c0c88f3d3567d0806c72d7576f6a1d07
IOS-198,ios,club_entry_web,"클럽 입장 랜딩 (웹, lineup/club-entry)","클럽 입장 링크(웹 주소 형태의 유니버설·캠페인 링크)로 들어오면 앱 안 웹으로 열리는 클럽 입장 페이지. 로그인 여부에 따라 회원용·게스트용 주소로 갈리며, 클럽 식별값이 없어도 열린다.",push,제안,도달 가능,"{""sheet"": ""화면 목록"", ""data_row"": 198, ""excel_row"": 199}",screen,club_entry,,S1,클럽 입장 내용을 확인하는 웹 목적지입니다. 대기 랜딩과 나누며 실제 URL 목적지 확인 후 보냅니다.,b91594fe0b93f45b53bafd90fbba3acd5fc4c59b3981fcc5b7da5c20ad0f13dc
IOS-199,ios,web_attachment_preview,웹 첨부파일 미리보기 (이미지·영상·PDF·유튜브),"웹 화면 안의 첨부물을 눌렀을 때 전체 화면으로 크게 띄워 주는 뷰어로, 이미지는 확대·축소, 영상·유튜브는 재생, PDF는 문서 넘겨보기가 된다. 위쪽에 첨부물 제목과 닫기 버튼이 있고, 오디오 첨부는 이 뷰어에서 아무것도 보이지 않는다.",fullScreenCover,제안,도달 가능,"{""sheet"": ""화면 목록"", ""data_row"": 199, ""excel_row"": 200}",screen,media_viewer,,M1;S1,미디어를 크게 열어 확인하는 동일 목적지입니다. 첨부 종류와 사용 맥락은 별도 값으로 구분합니다.,fb73c25ec78253661c64e727d6948542c45895bfa1c116e0fafe12113812fb0a
IOS-200,ios,web_profile_image_edit,프로필 사진 등록 (자르기·회전 편집),"고른 사진을 원형으로 미리 보면서 자르기·회전으로 다듬고 「완료」로 프로필 사진에 반영하는 전체 화면. 웹 화면이 프로필 사진 선택을 요청해 사진첩에서 사진을 고르면 이어서 뜨며, 중간에 닫으려 하면 「다음에 다시 작성할까요?」를 한 번 더 묻는다.",fullScreenCover,제안,도달 가능,"{""sheet"": ""화면 목록"", ""data_row"": 200, ""excel_row"": 201}",screen,media_image_edit,,M1;S2,이미지를 자르거나 회전해 사용할 결과를 확정합니다. 프로필·커버·업로드는 purpose로 나누고 내부 자르기 도구로 조회를 추가하지 않습니다.,7701d409698193b0adcaa6cb37ca8f5bce343296d087123292633a47f9ff7dab
IOS-201,ios,web_profile_image_crop,프로필 사진 자르기,프로필 사진 등록 화면에서 「자르기」를 누르면 그 위에 전체 화면으로 뜨는 정사각 자르기 편집기. 사진을 옮기고 확대해 영역을 정한 뒤 「저장」하거나 「취소」로 되돌아간다.,fullScreenCover,제안,도달 가능,"{""sheet"": ""화면 목록"", ""data_row"": 201, ""excel_row"": 202}",screen,media_image_edit,,M1;S2,이미지를 자르거나 회전해 사용할 결과를 확정합니다. 프로필·커버·업로드는 purpose로 나누고 내부 자르기 도구로 조회를 추가하지 않습니다.,48127626b7cf8367b1f11de37c38bce70f5867db864abeab36b0b630ad1e4c9f
IOS-202,ios,web_photo_picker,사진 선택 (시스템 포토 피커),"iOS 기본 사진첩에서 사진 한 장을 고르는 화면. 웹 화면이 파일 첨부 또는 프로필 사진 선택을 요청할 때 뜨며, 먼저 사진 접근 권한을 묻고 거부하면 설정으로 보내는 안내가 대신 뜬다.",sheet,제안,도달 가능,"{""sheet"": ""화면 목록"", ""data_row"": 202, ""excel_row"": 203}",system,,,X1,OS 사진·파일 선택기나 메일 작성기입니다. 앱은 열기·선택 결과만 기록하고 시스템 화면 이름을 만들지 않습니다.,0930b0799bde18fbd3fb24de25b9778849e848440098ef1f0124133285d48dbb
IOS-203,ios,proposal_edit,웹 안에서 띄우는 잠금 바텀시트 웹뷰 (제안 작성/수정),"웹 화면이 요청해 그 위에 겹쳐 뜨는 바텀시트형 웹 화면으로, 실제 쓰임은 제안 작성·수정이다. 손으로 끌어 내려 닫을 수 없어 웹 쪽이 닫기를 요청해야 빠져나간다.",sheet,제안,도달 가능,"{""sheet"": ""화면 목록"", ""data_row"": 203, ""excel_row"": 204}",screen,proposal_create;proposal_edit,,S1,proposal_create: 새 협업 제안을 작성합니다. AOS 원본에는 이름만 있고 발송은 없으므로 실제 화면과 진입 경로를 확인한 뒤 구현합니다. proposal_edit: 기존 협업 제안을 고칩니다. AOS는 이름만 정의돼 수집 중으로 해석할 수 없으며 생성·수정의 실제 분기를 확인해야 합니다.,cef97be26b57e4f924f95c80839f21b39355343c86bae4411982e74e5435e83e
IOS-204,ios,web_sheet,웹뷰 바텀시트 (presentWeb),"웹 페이지를 전체 화면 대신 아래에서 올라오는 시트로 띄우는 형태로, 딥링크가 지정한 주소도 이 시트로 열린다. 앱 화면에서 들어오는 길은 프로필의 베타 배지 안내를 확인했을 때 열리는 회원 혜택 페이지 하나뿐이다.",sheet,제안,도달 가능,"{""sheet"": ""화면 목록"", ""data_row"": 204, ""excel_row"": 205}",screen,settings_muse_privileges,,S1,Muse 혜택을 설명하는 웹 목적지입니다. 다른 URL을 같은 웹뷰로 열었다는 이유만으로 이 이름을 보내지 않습니다.,c3cfd94e8285f0a0c10d94c4b51c5a978876aa90cbbded6c48bf30aa8b1cee66
IOS-205,ios,web_custom_bottom_sheet,커스텀 웹 바텀시트 (custombottomsheet),"딥링크가 지정한 웹 주소를 탭 화면 위에 바텀시트(중간·전체 두 단계 높이)로 띄운다. 앱 안에 이 화면을 여는 버튼은 없고 딥링크로만 열리며, 같은 링크에 닫기 옵션을 실어 보내면 닫힌다.",커스텀 웹 오버레이,제안,딥링크 전용,"{""sheet"": ""화면 목록"", ""data_row"": 205, ""excel_row"": 206}",container,,,X2,공용 웹뷰 껍데기입니다. 열린 URL의 등록된 목적지 이름을 호스트 앱에서 한 번 보냅니다. 미등록 URL은 화면 조회 대신 unmapped_destination 진단 기록을 남기고 목적지를 등록합니다.,03ec767ea96fd414ca0f708cfaeddc57d7242976dbdb7e0336e141b2f13debe7
IOS-206,ios,report_detail_input,신고 상세 사유 입력 (기타),"신고 사유에서 「기타」를 고른 다음에만 열리는 「직접 입력」 화면으로, 「지적재산권 침해를 제외한 모든 신고는 익명으로 처리돼요」 안내와 함께 신고 내용을 적어 「신고 하기」로 제출한다. 게시물·회원·댓글·팀·채팅방 등 신고가 가능한 모든 자리에서 같은 화면을 쓴다.",fullScreenCover,제안,도달 가능,"{""sheet"": ""화면 목록"", ""data_row"": 206, ""excel_row"": 207}",screen,report_detail_input,,M1;S2,기타 사유를 직접 적어 신고를 완성합니다. 실제 입력 목적지만 세며 확인 알럿과 접수 결과는 조회에서 제외합니다.,dce5fad5761141a202c2af4a99d9a43074a37a3697f1dc4641362c83c2b3fc00
IOS-207,ios,report_reason_content,게시물 신고 사유 선택 시트,"게시물을 신고할 때 스팸·음란물·지적재산권 침해 등 8가지 사유 중 하나를 고르는 「게시물 신고」 시트. 포트폴리오·프로젝트 카드·영감의 더보기 시트 위에 겹쳐 뜨고, 「기타 (직접 입력)」을 고르면 잠시 뒤 상세 사유 입력 화면으로 넘어간다.",sheet,제안,도달 가능,"{""sheet"": ""화면 목록"", ""data_row"": 207, ""excel_row"": 208}",screen,report_reason,,M1;S2,신고 사유를 선택·제출합니다. 대상은 target_type으로 구분하고 기타 사유를 직접 쓰는 입력 과업은 나눕니다.,08d4f8b3d80140d7d65931cd96f5ebe1ee49a8f5a1190f2d5cb0302b158c1682
IOS-208,ios,respect_list,작업물 리스펙트 보낸 사람 목록,"「이 작업물을 Respect 하는 사람들」을 프로필 사진 격자로 보여 주고, 사진을 누르면 시트가 닫히며 그 사람 프로필로 이동한다. 디스커버리 카드의 액션바와 프로필 안 포트폴리오에서 열리며, 누적 리스펙트 8회를 처음 달성한 작업물이면 GOAT 표시가 함께 뜬다.",sheet,제안,도달 가능,"{""sheet"": ""화면 목록"", ""data_row"": 208, ""excel_row"": 209}",screen,respect_list,,S2,리스펙트를 보낸 사람들을 확인하고 프로필로 탐색합니다. 대상 종류는 구분 값으로 두고 목록을 연 위치로 이름을 늘리지 않습니다.,502a801bcef4c5d891f8f38f4df5966fd64160f81f370f750f16564b6c386353
IOS-209,ios,comment_option_mine,내 댓글 옵션 시트 (삭제),"내가 쓴 댓글·답글의 더보기를 누르면 댓글 목록 위에 겹쳐 뜨는 작은 시트. 「삭제」 하나만 있고, 누르면 「댓글을 삭제하시겠어요?」로 한 번 더 확인한다.",overlaySheet,제안,도달 가능,"{""sheet"": ""화면 목록"", ""data_row"": 209, ""excel_row"": 210}",action,,,A1,정렬·첨부 종류·수정/삭제·언어 종류처럼 다음 명령을 고르는 메뉴입니다. 독립 입력 상태나 제출 결과가 없어 화면 조회 대신 선택 행동을 셉니다.,a9a80580f044ac29d8fbcf4f4c3f326ac8bdfe95a9d0b0ea5c34570f6ec0505d
IOS-210,ios,comment_option_other,타인 댓글 옵션 시트,"남이 쓴 댓글·답글의 더보기를 누르면 댓글 목록 위에 겹쳐 뜨는 시트로, 작성자에게 알림 켜기·팔로우·일촌 신청·노크(대화 요청)나 채팅방 입장, 프로필 저장, 사용자 차단·신고를 할 수 있다. 신고를 고르면 사용자 신고 사유 선택 시트와 상세 입력으로 이어진다.",overlaySheet,제안,도달 가능,"{""sheet"": ""화면 목록"", ""data_row"": 210, ""excel_row"": 211}",action,,,A1,정렬·첨부 종류·수정/삭제·언어 종류처럼 다음 명령을 고르는 메뉴입니다. 독립 입력 상태나 제출 결과가 없어 화면 조회 대신 선택 행동을 셉니다.,716b067364225a7271e6a013a193c2733b2471a70b2a1688851cd3666295d3e6
IOS-211,ios,portfolio_pdf_viewer,포트폴리오 PDF 전체보기 (QuickLook 문서 뷰어),"작업물에 올라온 PDF 문서를 화면 전체로 펼쳐 페이지를 넘겨 가며 읽는 뷰어. 피드·작업물 상세의 문서 카드나 디스커버리 카드의 문서를 누르면 뜨고, 왼쪽 위 닫기 버튼으로 빠져나온다.",fullScreenCover,제안,도달 가능,"{""sheet"": ""화면 목록"", ""data_row"": 211, ""excel_row"": 212}",screen,media_viewer,,M1;S1,미디어를 크게 열어 확인하는 동일 목적지입니다. 첨부 종류와 사용 맥락은 별도 값으로 구분합니다.,506de1a3209c6419e84c317075690cf3b705126cd96d6f015a8ccbfa1b9a6abe
IOS-212,ios,project_card_option_other,남의 프로젝트 카드 옵션 시트 (프로필 저장·공유·차단·신고),"다른 사람의 프로젝트 카드 상세에서 더보기를 누르면 올라오는 시트. 위쪽에 알림·팔로우·일촌·대화 요청(노크) 같은 관계 버튼이, 아래쪽에 프로필 저장·게시물 공유·사용자 차단·게시물 신고가 있고, 신고를 고르면 사유 선택 시트와 상세 입력 화면으로 이어진다.",sheet,제안,도달 가능,"{""sheet"": ""화면 목록"", ""data_row"": 212, ""excel_row"": 213}",action,,,A1,정렬·첨부 종류·수정/삭제·언어 종류처럼 다음 명령을 고르는 메뉴입니다. 독립 입력 상태나 제출 결과가 없어 화면 조회 대신 선택 행동을 셉니다.,c371a8f006e2d90f7fa76336c00cd00a136e89a962ceb50426d467a9ed3104c8
IOS-213,ios,respect_user_all,리스펙트 준 사람 전체 목록 시트,"한 사용자가 받은 리스펙트를 준 사람들의 프로필 사진을 총 개수와 함께 격자로 모아 보여 주고, 얼굴을 누르면 그 사람 프로필로 넘어간다. 프로필 화면·프로필 카드 앞뒷면이나 작업물·프로젝트 카드 상세의 리스펙트 숫자를 누르면 뜬다.",sheet,제안,도달 가능,"{""sheet"": ""화면 목록"", ""data_row"": 213, ""excel_row"": 214}",screen,respect_list,,S2,리스펙트를 보낸 사람들을 확인하고 프로필로 탐색합니다. 대상 종류는 구분 값으로 두고 목록을 연 위치로 이름을 늘리지 않습니다.,8a7b68f91437d76a35a358d2dd2f8a4d183ba2606bd35029050c3bee99481633
IOS-214,ios,background_video_edit,배경 영상 편집 (동영상 편집),"고른 동영상을 재생해 보며 「자르기」로 다듬어 배경 영상으로 확정하는 전체 화면 편집기. 실제로 열리는 두 자리(프로젝트 배경 영상, 프로필 카드 커버)에서는 제목이 「동영상 편집」이고, 구간을 자르면 그대로 편집이 끝난다.",fullScreenCover,제안,도달 가능,"{""sheet"": ""화면 목록"", ""data_row"": 214, ""excel_row"": 215}",screen,media_video_edit,,M1;S2,영상의 사용할 구간을 정해 확정합니다. 편집과 구간 자르기를 하나로 묶고 진입 용도만 구분 값으로 남깁니다.,937a6354a8ce721157454824d23b0a8ead5d80998b6a912cb89606c9994522d7
IOS-215,ios,profile_image_edit,프로필 사진 등록 (사진 선택 → 이미지 편집),"사진첩에서 고른 사진을 원형 미리보기로 확인하며 회전·자르기로 다듬어 프로필 사진으로 확정하는 전체 화면. 내 기본 정보 편집, 프로필 사진 변경 시트, 프로필 카드 커버 설정에서 사진을 고르면 이어서 뜬다.",fullScreenCover,제안,도달 가능,"{""sheet"": ""화면 목록"", ""data_row"": 215, ""excel_row"": 216}",screen,media_image_edit,,M1;S2,이미지를 자르거나 회전해 사용할 결과를 확정합니다. 프로필·커버·업로드는 purpose로 나누고 내부 자르기 도구로 조회를 추가하지 않습니다.,688129efca78ac7c4fb5fa09a433e5c7b92ce2141969f4c1d333a887657172f7
IOS-216,ios,profile_card_background_image_edit,프로필 카드 배경 등록 (선택 → 이미지 편집),"사진첩에서 고른 이미지를 정해진 비율 틀에 확대·이동해 맞춰 잘라 배경으로 확정하는 전체 화면. 프로필 카드 커버 설정은 세로 3:4, 팀 만들기의 팀 이미지 등록은 정사각으로 비율이 고정돼 사용자가 바꿀 수 없고, 커버에서 영상을 고르면 대신 영상 편집 화면이 뜬다.",fullScreenCover,제안,도달 가능,"{""sheet"": ""화면 목록"", ""data_row"": 216, ""excel_row"": 217}",screen,media_image_edit,,M1;S2,이미지를 자르거나 회전해 사용할 결과를 확정합니다. 프로필·커버·업로드는 purpose로 나누고 내부 자르기 도구로 조회를 추가하지 않습니다.,f8244cd1ee3caeb50415060a47d97763e7a146e1a11f3901798b7fb1ec3096c5
IOS-217,ios,profile_card_background_video_crop,프로필 카드 배경 영상 구간 자르기,"영상 편집 화면에서 「자르기」를 누르면 화면 전체를 덮으며 나타나, 타임라인을 끌어 최대 5초 구간을 정하고 「완료」를 누르는 단계. 저장이 도는 동안 「동영상을 편집 중이에요」 표시가 뜬다.",fullScreenCover,제안,도달 가능,"{""sheet"": ""화면 목록"", ""data_row"": 217, ""excel_row"": 218}",screen,media_video_edit,,M1;S2,영상의 사용할 구간을 정해 확정합니다. 편집과 구간 자르기를 하나로 묶고 진입 용도만 구분 값으로 남깁니다.,1a52a712f6ab10c9f8fbe15e234e9fdb983829fbcd24db861a6262f63d480fd8
IOS-218,ios,relation_follower / relation_following / relation_first_connections,관계 세그먼트 시트 (일촌·팔로워·팔로잉),"한 사용자의 일촌·팔로워·팔로잉을 세 탭으로 나눠 보여 주는 시트로, 목록에서 바로 팔로우하거나 이름을 눌러 그 사람 프로필로 간다. 프로필 화면·프로필 카드나 작업물·프로젝트 카드 상세의 작성자 요약에서 팔로워 수를 누르면 뜬다.",sheet,제안,도달 가능,"{""sheet"": ""화면 목록"", ""data_row"": 218, ""excel_row"": 219}",screen,relation_list,,M1;S1,한 사용자의 일촌·팔로워·팔로잉을 확인합니다. 세 탭은 같은 관계 조회의 선택이므로 tab으로 구분합니다.,1b318e5874fd9a0c7f2f65abe680f00b2043264f84424dd333f3c43cbc1c17cb
IOS-219,ios,first_connection_mutual,함께 아는 일촌 목록 시트,"나와 상대가 함께 아는 일촌을 총 인원수와 함께 목록으로 보여 주고, 누르면 그 사람 프로필로 이동한다. 상대 프로필 화면이나 프로필 카드 앞면에서 연다.",sheet,제안,도달 가능,"{""sheet"": ""화면 목록"", ""data_row"": 219, ""excel_row"": 220}",screen,first_connection_mutual,,S2,나와 상대가 함께 아는 일촌만 확인합니다. 상대의 전체 관계 목록과 집합의 의미가 달라 별도 이름을 둡니다.,42563afa52f30cb51efdacbdca083cca4ea1cff659bf776f6cc635fe9c29303b
IOS-220,ios,knock_type_select,노크 용건 선택,"대화 요청(노크)을 보내기 전에 용건 칩을 하나 이상 골라 「노크하기」를 누르는 전체 화면으로, 고른 순서대로 상대에게 갈 메시지가 만들어진다. 프로필·인맥 목록·검색 결과·각종 옵션 시트 등 노크 버튼이 있는 자리마다 뜨고, 상대가 노크를 받지 않는 상태면 이 화면 없이 안내 알럿만 나온다.",fullScreenCover,제안,도달 가능,"{""sheet"": ""화면 목록"", ""data_row"": 220, ""excel_row"": 221}",screen,knock_type_select,,S1,대화 요청의 용건을 골라 노크를 보냅니다. 상대가 수신을 막아 안내만 뜨면 선택 목적지 진입으로 세지 않습니다.,8e2e6443c1e38649c50e7dc9701be1076e9f4cfe6b872046ee9a2e4cd323cd80
IOS-221,ios,report_reason_user,사용자 신고 사유 선택 시트,"회원이나 팀을 신고할 때 사칭·스팸·욕설 같은 사유를 하나 골라 「확인」을 누르는 시트. 사용자 더보기 시트, 게시물·댓글 옵션 시트의 「사용자 신고」, 팀 시트의 신고에서 이어지고, 「기타」를 고르면 직접 사유를 적는 입력 화면으로 넘어간다.",sheet,제안,도달 가능,"{""sheet"": ""화면 목록"", ""data_row"": 221, ""excel_row"": 222}",screen,report_reason,,M1;S2,신고 사유를 선택·제출합니다. 대상은 target_type으로 구분하고 기타 사유를 직접 쓰는 입력 과업은 나눕니다.,a26ba54ac00bec5f95ff4e716525bfc0d1af8116e0ff2138fea983ee40790421
IOS-222,ios,member_option,사용자 액션 바텀시트 (더보기: 팔로우·1촌·노크·저장·차단·신고),"상대에게 할 수 있는 행동을 모아 둔 더보기 시트로, 알림·팔로우·일촌 신청·대화 요청(노크) 같은 관계 버튼과 프로필 저장·공유·차단·신고를 한자리에서 고른다. 프로필 상세, 인맥 관리 목록, 채팅방에서 상대의 더보기를 누르면 열린다.",sheet,제안,도달 가능,"{""sheet"": ""화면 목록"", ""data_row"": 222, ""excel_row"": 223}",action,,,A1,정렬·첨부 종류·수정/삭제·언어 종류처럼 다음 명령을 고르는 메뉴입니다. 독립 입력 상태나 제출 결과가 없어 화면 조회 대신 선택 행동을 셉니다.,88a15137ac644e941b92f5632c614b1ee077ca18a68dca33db77b46c29eea2d1
IOS-223,ios,knock_sent_popup,노크 전송 완료 팝업 (채팅에서 확인하기),"노크를 보내 새 대화방이 생겼을 때 화면 가운데 떠서 「○○님께 노크했어요」를 알리는 팝업으로, 「채팅에서 확인하기」를 누르면 그 채팅방으로 들어간다. 저절로 사라지지 않고 「닫기」로만 닫히며, 이미 방이 있던 상대에게는 팝업 대신 토스트가 뜬다.",팝업,제안,도달 가능,"{""sheet"": ""화면 목록"", ""data_row"": 223, ""excel_row"": 224}",action,,,A2,권장 안내나 완료 사실만 알려 주는 표면입니다. 페이지 크기여도 화면 조회에서 제외하며 노출·결과·이어가기 행동을 별도로 기록합니다.,fcc85c72fc5700414b719d83edd1fb24478ab178f2986b5a74439547475e8953
IOS-224,ios,profile_image_crop,프로필 사진 자르기 (네이티브 편집 플로우),프로필 사진 편집 화면에서 「자르기」를 누르면 열리는 전체 화면 자르기 도구. 사진을 확대·이동해 정사각 틀에 맞춘 뒤 「저장」을 누르면 잘린 사진이 편집 화면으로 돌아온다.,fullScreenCover,제안,도달 가능,"{""sheet"": ""화면 목록"", ""data_row"": 224, ""excel_row"": 225}",screen,media_image_edit,,M1;S2,이미지를 자르거나 회전해 사용할 결과를 확정합니다. 프로필·커버·업로드는 purpose로 나누고 내부 자르기 도구로 조회를 추가하지 않습니다.,574bc2fc6d48c26f30d8b520cf1ee4fb587e9095ba145320da66ba7ef2bb5203
IOS-225,ios,app_update_notice,업데이트 안내 (신기능 소개),"「지금 업데이트하면 사용할 수 있는 기능」을 서버가 내려준 문구로 소개하고 「나중에」와 「업데이트」 중 하나를 고르게 하는 팝업. 소개 문구가 내려온 경우 앱을 켤 때 뜨며, 강제·권장 업데이트 안내와 겹쳐 뜰 수도 있다.",팝업,제안,도달 가능,"{""sheet"": ""화면 목록"", ""data_row"": 225, ""excel_row"": 226}",action,,,A2,권장 안내나 완료 사실만 알려 주는 표면입니다. 페이지 크기여도 화면 조회에서 제외하며 노출·결과·이어가기 행동을 별도로 기록합니다.,a72fea25938d19059b6e422a7d03f5da50b1c656c7aef30e978b3b21d26b8099
IOS-226,ios,qa_report_video_trim,QA 리포트 영상 트림 편집기,"제보에 붙일 화면 녹화 영상에서 필요한 구간만 남기도록 잘라 내는 시스템 편집기. 녹화를 끝내면 자동으로 뜨며, 시뮬레이터에는 녹화 기능이 없어 실제 기기의 사내 테스트용 빌드에서만 볼 수 있다.",fullScreenCover,제안,도달 가능,"{""sheet"": ""화면 목록"", ""data_row"": 226, ""excel_row"": 227}",qa,,,X3,QA 도구는 제품 화면 집계에서 제외합니다. 필요 시 별도 테스트용 측정으로 분리합니다.,a45e789cdc1761c096b2f165ade826a45087c6662804d3cf5196b596f5516d2c
IOS-227,ios,qa_report_markup,QA 리포트 첨부 마크업 미리보기,"제보에 붙인 스크린샷·영상을 크게 보면서 펜·화살표·글자로 문제 지점을 표시하는 시스템 편집기. 작성 시트의 첨부 썸네일을 누르면 열리고, 사내 테스트용 빌드에만 있다.",fullScreenCover,제안,도달 가능,"{""sheet"": ""화면 목록"", ""data_row"": 227, ""excel_row"": 228}",qa,,,X3,QA 도구는 제품 화면 집계에서 제외합니다. 필요 시 별도 테스트용 측정으로 분리합니다.,af44069668736cee55b0a9327dc6fc44bbe058c1d7ba5e537f7dc918990e18bf
IOS-228,ios,qa_report_network_console,QA 리포트 네트워크 로그 콘솔 (Pulse),"앱을 켠 뒤 오간 네트워크 요청·응답을 목록으로 훑어보는 개발용 로그 콘솔. 작성 시트의 「네트워크 로그」 행을 누르면 열리고, 사내 테스트용 빌드에만 있다.",sheet,제안,도달 가능,"{""sheet"": ""화면 목록"", ""data_row"": 228, ""excel_row"": 229}",qa,,,X3,QA 도구는 제품 화면 집계에서 제외합니다. 필요 시 별도 테스트용 측정으로 분리합니다.,197e01c7a0729aae9d5e72f96c6279eab6666980ddb9cfff3d1ed458c7033f51
IOS-229,ios,qa_report_media_picker,QA 리포트 사진·영상 피커,"제보에 첨부할 사진·영상을 기기 앨범에서 고르는 시스템 선택 화면. 작성 시트의 「사진·영상」 타일을 누르면 열리고, 사내 테스트용 빌드에만 있다.",sheet,제안,도달 가능,"{""sheet"": ""화면 목록"", ""data_row"": 229, ""excel_row"": 230}",qa,,,X3,QA 도구는 제품 화면 집계에서 제외합니다. 필요 시 별도 테스트용 측정으로 분리합니다.,f9462838231f6821bdcaca33acc284b90e69ad39aa5153810b68833a03a3a661
IOS-230,ios,qa_report_sheet,QA 리포트 작성 시트,"기기를 흔들면 뜨는 사내 QA 제보 창으로, 열린 순간의 화면이 자동으로 첨부되고(끌 수 있다) 사진·영상·화면 녹화를 더해 증상을 적어 Slack 으로 보낸다. 운영 빌드에는 실리지 않는 테스트용 기능이라 일반 사용자는 볼 수 없다.",sheet,제안,도달 가능,"{""sheet"": ""화면 목록"", ""data_row"": 230, ""excel_row"": 231}",qa,,,X3,QA 도구는 제품 화면 집계에서 제외합니다. 필요 시 별도 테스트용 측정으로 분리합니다.,40d2831a0c406a3256256158db6bc52951917e0b2d3a252a37231a3b20d3a34b
IOS-231,ios,card_game_boss,카드 보스전 (프로필 카드),"크리에이터의 프로필 사진이 보스로 서고, 탄막을 피하며 쏘아 떨어뜨리는 미니게임. 디스커버리 피드의 프로필 카드를 길게 눌러 위로 밀어 올리면 시작되고, 블록깨기를 이어가다 그 묶음 맨 뒤의 프로필 카드에 닿아도 이어서 열린다.",팝업,제안,도달 가능,"{""sheet"": ""화면 목록"", ""data_row"": 231, ""excel_row"": 232}",screen,arcade_card_boss,,S1,프로필 카드를 보스로 삼아 플레이합니다. 길게 누르기·밀기는 행동이고 게임이 시작될 때 목적지 방문을 보냅니다.,3cd5e927e822c49bc706a5127fdd89a141111c9dddfd44c35266301632900a04
IOS-232,ios,card_game_breakout,카드 블록깨기 게임,"디스커버리 피드의 작업물 카드를 길게 눌러 위로 밀어 올리면 그 카드가 벽돌 벽으로 바뀌고, 공을 튕겨 그 벽을 깨는 미니게임이 시작된다. 한 판을 깨면 같은 묶음의 다음 카드로 이어져 같은 화면이 다시 열린다.",팝업,제안,도달 가능,"{""sheet"": ""화면 목록"", ""data_row"": 232, ""excel_row"": 233}",screen,arcade_breakout,,S1,작업물 카드의 벽돌을 깨는 게임입니다. 보스전과 방식이 달라 나누고 다음 카드로 새 판을 시작하면 새 방문입니다.,d42159da5f6dd5304b5313415b989130cfd433a4a48780ce60413977e8034c7b
AOS-home,aos,home,홈 탭,home | 홈 탭 | none | 3종,원본 이름 대장,발송 보고,원본 보고,"{""group"": ""바텀 네비게이션 탭"", ""group_line"": 334, ""row_line"": 343}",screen,home_feed,,S1,크리에이터·작업물 카드를 둘러보는 홈 피드입니다. AOS 홈과 iOS 디스커버리의 역할을 맞추며 피드의 개별 카드 노출을 홈 재진입으로 세지 않습니다.,4b02e547d34cb8182dc468ef32de4dfc0d57ed71718ac5becf1e6466101e866c
AOS-finder,aos,finder,파인더 탭,finder | 파인더 탭 | none | 3종,원본 이름 대장,발송 보고,원본 보고,"{""group"": ""바텀 네비게이션 탭"", ""group_line"": 334, ""row_line"": 344}",screen,finder_home,,S1,검색어 입력 전 콘텐츠를 둘러보는 탐색 출발점입니다. 검색 입력 보조 화면과 검색어를 적용한 결과는 나눕니다.,ce71c6dcef7d3263ab10a6411987a11c367f99ec7256215edf53e7acdb3676b2
AOS-finder_search,aos,finder_search,검색 탭 · 검색 화면(검색 전용 화면에서도 같은 이름),finder_search | 검색 탭 · 검색 화면(검색 전용 화면에서도 같은 이름) | none | 3종,원본 이름 대장,발송 보고,원본 보고,"{""group"": ""바텀 네비게이션 탭"", ""group_line"": 334, ""row_line"": 345}",screen,finder_search,,S1,검색어를 정하며 최근 검색·추천 카테고리를 봅니다. 검색창 초점만으로 추정하지 않고 실제 입력 화면이 나타날 때 보냅니다.,64af93957c2a35a526b5dff15ead622d9c24ed41e13ca8d5ad03bf378f18f4e6
AOS-chatty,aos,chatty,채티 탭 (대화방 상세는 별도 이름 없음),chatty | 채티 탭 (대화방 상세는 별도 이름 없음) | none | 3종,원본 이름 대장,발송 보고,원본 보고,"{""group"": ""바텀 네비게이션 탭"", ""group_line"": 334, ""row_line"": 346}",screen,chat_list;lounge_list;project_chat_list,,M4;S1,1:1·팀·프로젝트 대화가 모인 목록입니다. 바깥 채티 탭과 중복 발송하지 않습니다. 참여·추천 라운지를 탐색하는 목록입니다. 일반 대화 목록과 방문 목적이 달라 구분합니다. 참여·지원·추천 프로젝트를 보고 대화방 또는 상세로 이동하는 목록입니다.,692cfb1505f6f09b91cbd7b1ae63eabc8e0048467972155c57fb82daf7cd13c2
AOS-my_page,aos,my_page,마이페이지 탭,my_page | 마이페이지 탭 | none | 3종,원본 이름 대장,발송 보고,원본 보고,"{""group"": ""바텀 네비게이션 탭"", ""group_line"": 334, ""row_line"": 347}",container,,my_profile,M1;M4;S1,바깥 MY 탭의 발송을 제거하고 실제 내 프로필에서 my_profile을 한 번 보냅니다. 기존 my_page를 my_profile로 단순 치환하면 중복이 남으므로 호출부 한 곳을 제거해야 합니다.,5453bb9ff3666d3998f5e2e70bf16814d44dd70cd1bbe97c7162f2b371082776
AOS-finder_result_creator,aos,finder_result_creator,검색 결과 · 크리에이터 탭,finder_result_creator | 검색 결과 · 크리에이터 탭 | none | 3종,원본 이름 대장,발송 보고,원본 보고,"{""group"": ""검색 결과 탭"", ""group_line"": 353, ""row_line"": 362}",screen,finder_result_creator,,S1,검색어로 찾은 크리에이터 목록입니다. 작업물·프로젝트와 대상이 달라 나누고 해시태그 유입도 같은 결과 이름을 사용합니다.,7eff35c93e1d8ad28291db6033048a04717871a2fc3f5452a09443a26808fa87
AOS-finder_result_portfolio,aos,finder_result_portfolio,검색 결과 · 작업물 탭,finder_result_portfolio | 검색 결과 · 작업물 탭 | none | 3종,원본 이름 대장,발송 보고,원본 보고,"{""group"": ""검색 결과 탭"", ""group_line"": 353, ""row_line"": 363}",screen,finder_result_portfolio,,S1,검색어로 찾은 작업물 목록입니다. 정렬은 보는 방법만 바꾸므로 행동으로 기록하고 조회를 추가하지 않습니다.,d3f408dc844f635a4c7678224173104e22688975f53d1281f22e99d64a4af353
AOS-finder_result_project,aos,finder_result_project,검색 결과 · 프로젝트 탭,finder_result_project | 검색 결과 · 프로젝트 탭 | none | 3종,원본 이름 대장,발송 보고,원본 보고,"{""group"": ""검색 결과 탭"", ""group_line"": 353, ""row_line"": 364}",screen,finder_result_project,,S1,검색어로 찾은 프로젝트 목록입니다. 크리에이터·작업물 결과와 대상 및 지원 경로가 달라 독립 이름을 둡니다.,56ba19cfd115ea45d84dd419726518192c4a362c5cea50166b38c6e0dbc5aaa7
AOS-user_detail,aos,user_detail,타인 프로필 상세. 화면 안에서 다른 회원으로 넘기면 다시 발송,user_detail | 타인 프로필 상세. 화면 안에서 다른 회원으로 넘기면 다시 발송 | 회원 uid | 3종,원본 이름 대장,발송 보고,원본 보고,"{""group"": ""콘텐츠 · 프로필 상세"", ""group_line"": 370, ""row_line"": 379}",screen,profile_detail,,M1;M4;S1,타인 프로필의 이력·작업물·영감·소개를 봅니다. AOS에서 영감 탭만 별도 이름으로 보내던 예외를 없애고 양 OS 모두 같은 이름과 tab 값을 씁니다.,01d3bbce4507be50fff5904f3daa5a108cd9f86a1b6b364840b60198bb160f3a
AOS-portfolio_detail,aos,portfolio_detail,작업물 상세,portfolio_detail | 작업물 상세 | 작업물 id | 3종,원본 이름 대장,발송 보고,원본 보고,"{""group"": ""콘텐츠 · 프로필 상세"", ""group_line"": 370, ""row_line"": 380}",screen,portfolio_detail,,S1,작업물 한 편을 읽는 목적지입니다. 미디어 종류와 진입 위치는 이름을 나누지 않으며 다른 작업물로 넘기면 새 방문입니다.,0e75acf695bb1f045cea8813a41dc0ce8792d1a5bf99499b6aecfb5be829aba5
AOS-inspiration_detail,aos,inspiration_detail,인스퍼레이션 상세,inspiration_detail | 인스퍼레이션 상세 | 콘텐츠 id | 3종,원본 이름 대장,발송 보고,원본 보고,"{""group"": ""콘텐츠 · 프로필 상세"", ""group_line"": 370, ""row_line"": 381}",screen,inspiration_detail,,S1,영감 한 편을 읽고 반응합니다. 홈·해시태그·좋아요 목록·업로드 완료 뒤의 진입을 같은 이름으로 맞춥니다.,c2f04e693764b93255bbdf19959b303c552cda8f545dc6e86c0d44dfe5ecb523
AOS-project_detail,aos,project_detail,프로젝트 카드 상세,project_detail | 프로젝트 카드 상세 | 프로젝트 id | 3종,원본 이름 대장,발송 보고,원본 보고,"{""group"": ""콘텐츠 · 프로필 상세"", ""group_line"": 370, ""row_line"": 382}",screen,project_detail,,S1,프로젝트 한 건의 모집 정보·작성자·지원 상태를 읽습니다. 지원서 작성·지원자 관리와 나누고 유입 경로로 이름을 늘리지 않습니다.,8d119154fb03feadc01f5b5aa0fff5e7374c50fc0c2b48c2514cdb9a7179da75
AOS-proposal_detail,aos,proposal_detail,제안 상세,proposal_detail | 제안 상세 | none | 3종,원본 이름 대장,발송 보고,원본 보고,"{""group"": ""콘텐츠 · 프로필 상세"", ""group_line"": 370, ""row_line"": 383}",screen,proposal_detail,,S1,협업 제안 한 건을 읽는 웹 목적지입니다. 실제 제안임이 확인될 때 쓰며 미등록 웹을 제안으로 추정하지 않습니다.,7720fe325e47621d674ace527f6c9a777fa59b362018918765ef1c5a834358fa
AOS-my_profile_card,aos,my_profile_card,내 프로필 카드,my_profile_card | 내 프로필 카드 | none | 진입만,원본 이름 대장,발송 보고,원본 보고,"{""group"": ""마이페이지 · 내 프로필"", ""group_line"": 389, ""row_line"": 398}",screen,my_profile,,M1;M4;S1,MY 바깥 탭과 안쪽 프로필에서 중복 발송하지 않습니다. 실제 전면 목적지 한 곳에서만 보냅니다.,207b5416b6e3f30c9c3f26613c464a27b58d0708415021e0306880f67c36702d
AOS-my_profile_preview,aos,my_profile_preview,내 프로필 미리보기(웹),my_profile_preview | 내 프로필 미리보기(웹) | none | 3종,원본 이름 대장,발송 보고,원본 보고,"{""group"": ""마이페이지 · 내 프로필"", ""group_line"": 389, ""row_line"": 399}",screen,my_profile_preview,,S1,내 프로필이 타인에게 보이는 모습을 확인하고 공유합니다. 정상 MY 관리와 나누며 비공개 안내만 뜨고 미리보기가 열리지 않으면 보내지 않습니다.,ee52fd07e3524d066cb2ef5027ab0eaec0f6e6e7c4cf710d3f3bf8fe6e41b89b
AOS-my_page_menu,aos,my_page_menu,설정 · 마이페이지 메뉴,my_page_menu | 설정 · 마이페이지 메뉴 | none | 3종,원본 이름 대장,발송 보고,원본 보고,"{""group"": ""마이페이지 · 내 프로필"", ""group_line"": 389, ""row_line"": 400}",screen,settings_home,,S1,계정·알림·인맥·북마크 설정의 출발점입니다. AOS my_page_menu와 iOS 162행이 같은 허브이므로 settings_home으로 통일합니다.,6d1809fb614da1e1b2c8816ae37021c44f54b6b64bcd4d23306a1b3fc546b5f2
AOS-user_resume,aos,user_resume,이력서 화면,user_resume | 이력서 화면 | none | 3종,원본 이름 대장,발송 보고,원본 보고,"{""group"": ""마이페이지 · 내 프로필"", ""group_line"": 389, ""row_line"": 401}",screen,resume_home,,S1,학력·경력·수상·자격을 관리하는 이력 허브입니다. AOS user_resume과 iOS 커리어 관리를 대응시키고 이력을 타인에게 보여 주는 프로필과 나눕니다.,756b5f4271d92054d32bccffbf3e2ae8490e0b4b0a1ba38e70dc25ffaccd4286
AOS-visitor_today_bottom_sheet,aos,visitor_today_bottom_sheet,오늘 방문자 바텀시트,visitor_today_bottom_sheet | 오늘 방문자 바텀시트 | none | 3종,원본 이름 대장,발송 보고,원본 보고,"{""group"": ""마이페이지 · 내 프로필"", ""group_line"": 389, ""row_line"": 402}",screen,my_profile_visitors,,S2,오늘 내 프로필을 방문한 사람과 방문 수를 확인합니다. 시트 형태와 무관하게 목록 탐색이 있으며 타인 프로필에도 같은 기능이 있다고 가정하지 않습니다.,47ba7703d2837df76e75adc6a31e0b696c0c9287873ab67b6c282d54456c6bac
AOS-service_agreement,aos,service_agreement,서비스 약관,service_agreement | 서비스 약관 | none | 3종,원본 이름 대장,발송 보고,원본 보고,"{""group"": ""마이페이지 · 내 프로필"", ""group_line"": 389, ""row_line"": 403}",screen,settings_agreements,,S1,선택 동의의 현재 상태를 바꾸는 설정입니다. AOS 이름만 보면 전문 읽기처럼 보여 실제 토글 기능의 대응을 확인해야 합니다.,cad2c35687e7c82cd0ac0a0a8d3fe4f750f4bb45c8c1aa38c7ed5bfa2359aaa2
AOS-pending_agreement_detail,aos,pending_agreement_detail,대기 중 약관 상세,pending_agreement_detail | 대기 중 약관 상세 | none | 3종,원본 이름 대장,발송 보고,원본 보고,"{""group"": ""마이페이지 · 내 프로필"", ""group_line"": 389, ""row_line"": 404}",screen,agreement_reconsent,,S1,기존 회원이 개정 약관에 동의해야 앱 이용을 계속할 수 있는 관문입니다. 신규 가입 동의와 나누고 전문을 열면 agreement_document를 보냅니다.,7487b97e253f367cbb3c8c75049522880827bf7da4c81f8f7f78269ac61f5e7f
AOS-shuffle_bundle,aos,shuffle_bundle,셔플 묶음 화면,shuffle_bundle | 셔플 묶음 화면 | none | 3종,원본 이름 대장,발송 보고,원본 보고,"{""group"": ""마이페이지 · 내 프로필"", ""group_line"": 389, ""row_line"": 405}",screen,finder_keyword_bundle,,S1,고른 키워드의 콘텐츠 목록입니다. 가변 키워드 문자열은 이름에서 빼고 키워드를 고르는 추천 화면과 나눕니다.,0c295dc98cfef0eb3aa04fdc12a39369d1152cba96246f45370490c3701d73c9
AOS-member_profile_inspiration,aos,member_profile_inspiration,타인 프로필 · 인스퍼레이션 탭,member_profile_inspiration | 타인 프로필 · 인스퍼레이션 탭 | none | 3종,원본 이름 대장,발송 보고,원본 보고,"{""group"": ""마이페이지 · 내 프로필"", ""group_line"": 389, ""row_line"": 406}",screen,profile_detail,,M1;M4;S1,타인 프로필의 이력·작업물·영감·소개를 봅니다. AOS에서 영감 탭만 별도 이름으로 보내던 예외를 없애고 양 OS 모두 같은 이름과 tab 값을 씁니다.,1c526cd81508a6d7ce7aab7ca15837379e9dc0979653f431939289147e5ee0af
AOS-bookmark_creator,aos,bookmark_creator,북마크 · 크리에이터 탭,bookmark_creator | 북마크 · 크리에이터 탭 | none | 진입만,원본 이름 대장,발송 보고,원본 보고,"{""group"": ""북마크"", ""group_line"": 412, ""row_line"": 421}",screen,bookmark_creator,,S1,저장한 크리에이터를 다시 찾습니다. 저장 작업물과 대상이 다르며 저장 완료 토스트는 목록 방문으로 세지 않습니다.,262e6edf8ae5abef384338bb1deb3d84df93d420bb791c85dba46ba3f87548c3
AOS-bookmark_portfolio,aos,bookmark_portfolio,북마크 · 작업물 탭,bookmark_portfolio | 북마크 · 작업물 탭 | none | 진입만,원본 이름 대장,발송 보고,원본 보고,"{""group"": ""북마크"", ""group_line"": 412, ""row_line"": 422}",screen,bookmark_portfolio,,S1,저장한 작업물을 다시 찾습니다. 설정·저장 안내의 유입은 합치고 작품 상세 방문과 나눕니다.,19ed8808fea064764f5ba2f7b521bdf15fcff76027d01687ab374ee952518b92
AOS-contacts_first_connections,aos,contacts_first_connections,연락처 · 1촌 탭,contacts_first_connections | 연락처 · 1촌 탭 | none | 진입만,원본 이름 대장,발송 보고,원본 보고,"{""group"": ""연락처"", ""group_line"": 428, ""row_line"": 437}",screen,contacts_first_connections,,S1,일촌 요청과 맺어진 일촌을 관리합니다. 타인의 관계를 조회하는 relation_list와 나누며 빈 목록도 같은 목적지입니다.,1cd196d5c3ba61af1d3a3d1a4df5d381abecbd7f4ceb1f5d7c978f8dbf78f447
AOS-contacts_follower,aos,contacts_follower,연락처 · 팔로워 탭,contacts_follower | 연락처 · 팔로워 탭 | none | 진입만,원본 이름 대장,발송 보고,원본 보고,"{""group"": ""연락처"", ""group_line"": 428, ""row_line"": 438}",screen,contacts_follower,,S1,나를 팔로우한 사람들을 확인합니다. 내가 팔로우하는 대상과 관계 방향이 달라 나누고 공유 안내는 빈 목록의 상태로 둡니다.,022a7d721ccb05ea3068d8de474734e5c72630e804ec83830245644b00635806
AOS-contacts_following,aos,contacts_following,연락처 · 팔로잉 탭,contacts_following | 연락처 · 팔로잉 탭 | none | 진입만,원본 이름 대장,발송 보고,원본 보고,"{""group"": ""연락처"", ""group_line"": 428, ""row_line"": 439}",screen,contacts_following,,S1,내가 팔로우한 사람·팀을 관리합니다. 팔로워와 대상 집합이 다르며 팀 상세를 실제 열면 team_detail로 이동합니다.,658790e865a63c79c575e8272984eb13d5ebec94f91738ef3907c61e9dcb17c0
AOS-contacts_team,aos,contacts_team,팀 홈,contacts_team | 팀 홈 | none | 3종,원본 이름 대장,발송 보고,원본 보고,"{""group"": ""연락처"", ""group_line"": 428, ""row_line"": 440}",screen,team_list,,M1;S1,AOS 팀 홈과 iOS 팀 목록은 내 팀·합류 요청을 보고 응답하는 목적지입니다. 9/8 양쪽 코드에서 해당 구성을 확인했으며 3.0 실기기 일치는 별도 확인합니다.,615567778966b666b8e43680e26a3b55f321c41f0ee7316bb903b8c233406f2f
AOS-discovery_recommend_keywords,aos,discovery_recommend_keywords,키워드 추천,discovery_recommend_keywords | 키워드 추천 | none | 3종,원본 이름 대장,발송 보고,원본 보고,"{""group"": ""추천 페이지 (웹)"", ""group_line"": 446, ""row_line"": 455}",screen,finder_keyword_recommend,,S1,키워드 카드를 섞어 볼거리를 고르는 추천 목적지입니다. 웹이어도 기능이 식별되므로 공용 웹뷰 이름 대신 이 이름을 보냅니다.,f917068fbfefbab3cd3dc6b8be7d498f8056aab204661a63aedb7571ba2d048d
AOS-discovery_recommend_network,aos,discovery_recommend_network,네트워크 추천,discovery_recommend_network | 네트워크 추천 | none | 3종,원본 이름 대장,발송 보고,원본 보고,"{""group"": ""추천 페이지 (웹)"", ""group_line"": 446, ""row_line"": 456}",screen,network_browse,,S1,인맥 다이얼에서 크리에이터를 둘러봅니다. 웹 안의 다이얼·미리보기는 같은 탐색으로 묶고 실제 앱 프로필로 이동하면 profile_detail을 보냅니다.,34a51f0b7190cce3ebd8b0d186d07431f603563c2bafde31f86bac5f7ec3300e
AOS-app_entry,aos,app_entry,앱 첫 진입(스플래시),app_entry | 앱 첫 진입(스플래시) | none | 3종,원본 이름 대장,발송 보고,원본 보고,"{""group"": ""앱 진입 · 가입"", ""group_line"": 462, ""row_line"": 471}",screen,app_splash,,S1,로그인 여부와 무관하게 앱을 준비하는 시작 목적지입니다. 인트로 영상의 재생·사라짐은 같은 시작 방문의 상태로 보고 이름을 늘리지 않습니다.,4228d61e4523c3e78a79a214ff9df3301aeebef27f445978c2eda7213720a83a
AOS-signup_method,aos,signup_method,가입 방법 선택,signup_method | 가입 방법 선택 | none | 3종,원본 이름 대장,발송 보고,원본 보고,"{""group"": ""앱 진입 · 가입"", ""group_line"": 462, ""row_line"": 472}",screen,auth_entry,,S1,소셜·이메일 중 인증 방법을 고르는 공통 출발점입니다. AOS 가입 방법 선택과 iOS 로그인·가입 랜딩의 역할을 대응시킵니다.,4cf47325d9c153969c6b73f51fd0c47e4cccb6ccfd5411da74946ce410db7ec8
AOS-signup_terms,aos,signup_terms,가입 약관 동의,signup_terms | 가입 약관 동의 | none | 3종,원본 이름 대장,발송 보고,원본 보고,"{""group"": ""앱 진입 · 가입"", ""group_line"": 462, ""row_line"": 473}",screen,signup_terms,,S2,신규 가입에 필요한 동의를 선택·제출합니다. 약관 전문 읽기와 기존 회원 재동의는 목적이 달라 나눕니다.,2e7ada736d06e03420f3e1b125e8baedcdeadea1727020e3d45265be78857a19
AOS-portfolio_create,aos,portfolio_create,작업물 종류를 고르기 전 진입 화면 (신규 작성에만 존재),portfolio_create | 작업물 종류를 고르기 전 진입 화면 (신규 작성에만 존재) | none | 3종,원본 이름 대장,발송 보고,원본 보고,"{""group"": ""콘텐츠 작성 · 수정"", ""group_line"": 479, ""row_line"": 488}",screen,portfolio_create,,M1;M3;S2,미디어 여섯 종류를 같은 작성 화면 안에서 선택합니다. AOS 유형별 이름을 통합하고 media_type·step으로 종류와 단계를 구분합니다.,d6cad8a0e2385268d78fa0f79a8e35089d84ed7c9ac3137b10a5caea72afd509
AOS-text_portfolio_create,aos,text_portfolio_create,텍스트 작업물 작성,text_portfolio_create | 텍스트 작업물 작성 | none | 3종,원본 이름 대장,발송 보고,원본 보고,"{""group"": ""콘텐츠 작성 · 수정"", ""group_line"": 479, ""row_line"": 489}",screen,portfolio_create,,M1;M3;S2,미디어 여섯 종류를 같은 작성 화면 안에서 선택합니다. AOS 유형별 이름을 통합하고 media_type·step으로 종류와 단계를 구분합니다. 문자열 치환만 하면 기존 단계·유형별 호출 횟수가 남습니다. 호출 생명주기도 공통 과업 진입 기준으로 바꿉니다.,a53d08b22e666c36fb9380bea9f0f52912c54f30c324580a3c21ecd84afad1a5
AOS-img_portfolio_create,aos,img_portfolio_create,이미지 작업물 작성,img_portfolio_create | 이미지 작업물 작성 | none | 3종,원본 이름 대장,발송 보고,원본 보고,"{""group"": ""콘텐츠 작성 · 수정"", ""group_line"": 479, ""row_line"": 490}",screen,portfolio_create,,M1;M3;S2,미디어 여섯 종류를 같은 작성 화면 안에서 선택합니다. AOS 유형별 이름을 통합하고 media_type·step으로 종류와 단계를 구분합니다. 문자열 치환만 하면 기존 단계·유형별 호출 횟수가 남습니다. 호출 생명주기도 공통 과업 진입 기준으로 바꿉니다.,a3e15ca1765ba029abc48db4914a3a1943049c87c33751d5ffa32b2b08bda25a
AOS-video_portfolio_create,aos,video_portfolio_create,영상 작업물 작성,video_portfolio_create | 영상 작업물 작성 | none | 3종,원본 이름 대장,발송 보고,원본 보고,"{""group"": ""콘텐츠 작성 · 수정"", ""group_line"": 479, ""row_line"": 491}",screen,portfolio_create,,M1;M3;S2,미디어 여섯 종류를 같은 작성 화면 안에서 선택합니다. AOS 유형별 이름을 통합하고 media_type·step으로 종류와 단계를 구분합니다. 문자열 치환만 하면 기존 단계·유형별 호출 횟수가 남습니다. 호출 생명주기도 공통 과업 진입 기준으로 바꿉니다.,ade756051402371c2350313bf5f45640aea81cb18129716eed80ff3fd3519ccf
AOS-audio_portfolio_create,aos,audio_portfolio_create,오디오 작업물 작성,audio_portfolio_create | 오디오 작업물 작성 | none | 3종,원본 이름 대장,발송 보고,원본 보고,"{""group"": ""콘텐츠 작성 · 수정"", ""group_line"": 479, ""row_line"": 492}",screen,portfolio_create,,M1;M3;S2,미디어 여섯 종류를 같은 작성 화면 안에서 선택합니다. AOS 유형별 이름을 통합하고 media_type·step으로 종류와 단계를 구분합니다. 문자열 치환만 하면 기존 단계·유형별 호출 횟수가 남습니다. 호출 생명주기도 공통 과업 진입 기준으로 바꿉니다.,feb13fee63612f2d9d950b68670a8db71c753b1ba8f250627322156ccf6a0ee4
AOS-pdf_portfolio_create,aos,pdf_portfolio_create,PDF 작업물 작성,pdf_portfolio_create | PDF 작업물 작성 | none | 3종,원본 이름 대장,발송 보고,원본 보고,"{""group"": ""콘텐츠 작성 · 수정"", ""group_line"": 479, ""row_line"": 493}",screen,portfolio_create,,M1;M3;S2,미디어 여섯 종류를 같은 작성 화면 안에서 선택합니다. AOS 유형별 이름을 통합하고 media_type·step으로 종류와 단계를 구분합니다. 문자열 치환만 하면 기존 단계·유형별 호출 횟수가 남습니다. 호출 생명주기도 공통 과업 진입 기준으로 바꿉니다.,26c6d0917902e932ae577dc198cc475cb17e35ee4c7898d7baeda4b813b00783
AOS-youtube_portfolio_create,aos,youtube_portfolio_create,유튜브 작업물 작성,youtube_portfolio_create | 유튜브 작업물 작성 | none | 3종,원본 이름 대장,발송 보고,원본 보고,"{""group"": ""콘텐츠 작성 · 수정"", ""group_line"": 479, ""row_line"": 494}",screen,portfolio_create,,M1;M3;S2,미디어 여섯 종류를 같은 작성 화면 안에서 선택합니다. AOS 유형별 이름을 통합하고 media_type·step으로 종류와 단계를 구분합니다. 문자열 치환만 하면 기존 단계·유형별 호출 횟수가 남습니다. 호출 생명주기도 공통 과업 진입 기준으로 바꿉니다.,0036e85e4140dfff10fcb60b02e42d4f96b222d1caf94fb6cc82407ad50f14f7
AOS-text_portfolio_edit,aos,text_portfolio_edit,텍스트 작업물 수정,text_portfolio_edit | 텍스트 작업물 수정 | none | 3종,원본 이름 대장,발송 보고,원본 보고,"{""group"": ""콘텐츠 작성 · 수정"", ""group_line"": 479, ""row_line"": 495}",screen,portfolio_edit,,M1;S2,기존 포트폴리오를 수정하는 과업입니다. 콘텐츠 유형마다 다른 화면명을 보내지 않습니다. 문자열 치환만 하면 기존 단계·유형별 호출 횟수가 남습니다. 호출 생명주기도 공통 과업 진입 기준으로 바꿉니다.,8ce9b0f6465ac26a710f4ccd9020734f6c227d6292ed2a29305e39c175903abf
AOS-img_portfolio_edit,aos,img_portfolio_edit,이미지 작업물 수정,img_portfolio_edit | 이미지 작업물 수정 | none | 3종,원본 이름 대장,발송 보고,원본 보고,"{""group"": ""콘텐츠 작성 · 수정"", ""group_line"": 479, ""row_line"": 496}",screen,portfolio_edit,,M1;S2,기존 포트폴리오를 수정하는 과업입니다. 콘텐츠 유형마다 다른 화면명을 보내지 않습니다. 문자열 치환만 하면 기존 단계·유형별 호출 횟수가 남습니다. 호출 생명주기도 공통 과업 진입 기준으로 바꿉니다.,d654cb691a2d8f3bdb7cd2b3abafe43e5ad172071e8e8001b6853d1c4b3bd36e
AOS-video_portfolio_edit,aos,video_portfolio_edit,영상 작업물 수정,video_portfolio_edit | 영상 작업물 수정 | none | 3종,원본 이름 대장,발송 보고,원본 보고,"{""group"": ""콘텐츠 작성 · 수정"", ""group_line"": 479, ""row_line"": 497}",screen,portfolio_edit,,M1;S2,기존 포트폴리오를 수정하는 과업입니다. 콘텐츠 유형마다 다른 화면명을 보내지 않습니다. 문자열 치환만 하면 기존 단계·유형별 호출 횟수가 남습니다. 호출 생명주기도 공통 과업 진입 기준으로 바꿉니다.,2d1a39887afe03f986408967e9573795f17bebe0a887a733ed186b511a10a439
AOS-audio_portfolio_edit,aos,audio_portfolio_edit,오디오 작업물 수정,audio_portfolio_edit | 오디오 작업물 수정 | none | 3종,원본 이름 대장,발송 보고,원본 보고,"{""group"": ""콘텐츠 작성 · 수정"", ""group_line"": 479, ""row_line"": 498}",screen,portfolio_edit,,M1;S2,기존 포트폴리오를 수정하는 과업입니다. 콘텐츠 유형마다 다른 화면명을 보내지 않습니다. 문자열 치환만 하면 기존 단계·유형별 호출 횟수가 남습니다. 호출 생명주기도 공통 과업 진입 기준으로 바꿉니다.,68e00ca3b5a5c3b4ba0fb45b8b16ac75c4b2eeb127dbd7220ea3f00abcf7f66e
AOS-pdf_portfolio_edit,aos,pdf_portfolio_edit,PDF 작업물 수정,pdf_portfolio_edit | PDF 작업물 수정 | none | 3종,원본 이름 대장,발송 보고,원본 보고,"{""group"": ""콘텐츠 작성 · 수정"", ""group_line"": 479, ""row_line"": 499}",screen,portfolio_edit,,M1;S2,기존 포트폴리오를 수정하는 과업입니다. 콘텐츠 유형마다 다른 화면명을 보내지 않습니다. 문자열 치환만 하면 기존 단계·유형별 호출 횟수가 남습니다. 호출 생명주기도 공통 과업 진입 기준으로 바꿉니다.,98ed210b9c8713dcc4a9c7074bf04906a9b73b3afc516f664764551869266585
AOS-youtube_portfolio_edit,aos,youtube_portfolio_edit,유튜브 작업물 수정,youtube_portfolio_edit | 유튜브 작업물 수정 | none | 3종,원본 이름 대장,발송 보고,원본 보고,"{""group"": ""콘텐츠 작성 · 수정"", ""group_line"": 479, ""row_line"": 500}",screen,portfolio_edit,,M1;S2,기존 포트폴리오를 수정하는 과업입니다. 콘텐츠 유형마다 다른 화면명을 보내지 않습니다. 문자열 치환만 하면 기존 단계·유형별 호출 횟수가 남습니다. 호출 생명주기도 공통 과업 진입 기준으로 바꿉니다.,1a038fbd12089fd911361914d99dd8d0f15f9af166b91c5a1bb55215a43ace62
AOS-project_card_create,aos,project_card_create,프로젝트 카드 작성,project_card_create | 프로젝트 카드 작성 | none | 3종,원본 이름 대장,발송 보고,원본 보고,"{""group"": ""콘텐츠 작성 · 수정"", ""group_line"": 479, ""row_line"": 501}",screen,project_create,,S1,새 프로젝트 카드로 모집 정보를 게시합니다. 제안·작업물 게시와 결과 대상이 다르며 배경·본문 입력은 내부 단계입니다.,c2f68fd1dfdbfbd38bdb5dd0a49c7201e1d2d84624cb877ef74d142a475c6fa7
AOS-project_card_edit,aos,project_card_edit,프로젝트 카드 수정,project_card_edit | 프로젝트 카드 수정 | none | 3종,원본 이름 대장,발송 보고,원본 보고,"{""group"": ""콘텐츠 작성 · 수정"", ""group_line"": 479, ""row_line"": 502}",screen,project_edit,,S1,게시된 프로젝트의 모집 정보를 고칩니다. 신규 모집 게시와 나누되 진입 경로·미디어 종류별로 수정 이름을 늘리지 않습니다.,ccbfe95677c62636162f8e0ce44c862ebd4c716ce21cad3d187bfada7fedbf76
AOS-inspiration_create,aos,inspiration_create,인스퍼레이션 작성,inspiration_create | 인스퍼레이션 작성 | none | 3종,원본 이름 대장,발송 보고,원본 보고,"{""group"": ""콘텐츠 작성 · 수정"", ""group_line"": 479, ""row_line"": 503}",screen,inspiration_create,,S1,새 영감 콘텐츠를 게시합니다. 포트폴리오로 게시 종류를 바꾸면 목적지가 달라져 portfolio_create로 전환합니다.,7da5c92c3f7d0076d1cdfb28f15d5714eb4f952c0ff15cd0d6fa8f48c2808bf4
AOS-inspiration_edit,aos,inspiration_edit,인스퍼레이션 수정,inspiration_edit | 인스퍼레이션 수정 | none | 3종,원본 이름 대장,발송 보고,원본 보고,"{""group"": ""콘텐츠 작성 · 수정"", ""group_line"": 479, ""row_line"": 504}",screen,inspiration_edit,,S1,게시된 영감을 고칩니다. 새 게시와 나누고 본문·미디어 수정 단계는 같은 방문으로 봅니다.,889893e599372834cd8dddefa4ca2e0126859941f39dcccef86340e7020fe2db
AOS-basic_info_id,aos,basic_info_id,아이디 입력,basic_info_id | 아이디 입력 | none | 3종,원본 이름 대장,발송 보고,원본 보고,"{""group"": ""온보딩 · 기본정보 입력"", ""group_line"": 510, ""row_line"": 519}",screen,signup_id,,S1,AOS 원본의 ‘온보딩 · 기본정보 입력’ 그룹과 iOS 12행의 ‘사용자 ID 만들기’가 근거입니다. 신규 가입에서 ID를 처음 정하므로 기존 프로필 링크를 바꾸는 my_info_id와 분리합니다.,29541ea9c72eb5d68d8796830680c9c30f8656994cbebdc02b1d75a1dc85d73b
AOS-basic_info_ko_name,aos,basic_info_ko_name,한글 이름 입력,basic_info_ko_name | 한글 이름 입력 | none | 3종,원본 이름 대장,발송 보고,원본 보고,"{""group"": ""온보딩 · 기본정보 입력"", ""group_line"": 510, ""row_line"": 520}",screen,signup_name_ko,,S1,AOS 온보딩 기본정보의 한글 이름과 iOS 가입 완료 단계의 이름 입력을 대응시킵니다. 기존 회원의 이름 수정은 my_info_name_ko로 구분합니다.,78e36256cec97919625731057006d05a093843d4849bed8fd3906042dbc6e926
AOS-basic_info_en_name,aos,basic_info_en_name,영문 이름 입력,basic_info_en_name | 영문 이름 입력 | none | 3종,원본 이름 대장,발송 보고,원본 보고,"{""group"": ""온보딩 · 기본정보 입력"", ""group_line"": 510, ""row_line"": 521}",screen,signup_name_en,,S1,AOS 온보딩 기본정보에 속한 영문 이름 입력입니다. iOS에는 같은 가입 단계가 확인되지 않아 대응 검토가 필요하며 기존 영문 이름 편집과 합치지 않습니다.,d0cf02a6ef6fa50b74ed25984aaed158d9bbcee948a2ce24dc71bd1bacc08ff7
AOS-basic_info_jobs,aos,basic_info_jobs,직업 선택,basic_info_jobs | 직업 선택 | none | 3종,원본 이름 대장,발송 보고,원본 보고,"{""group"": ""온보딩 · 기본정보 입력"", ""group_line"": 510, ""row_line"": 522}",screen,signup_profession,,S1,AOS 가입 기본정보에서 직업을 고르는 단계입니다. iOS 기존 직업 관리·추가와 목적이 다르며 실제 가입 단계가 있는지 확인해야 합니다.,f646301c06ae33e566dd4245e689f8e0a4becde3537917127ceaca83ccefa327
AOS-basic_info_keyword_personal,aos,basic_info_keyword_personal,키워드 · 성향,basic_info_keyword_personal | 키워드 · 성향 | none | 3종,원본 이름 대장,발송 보고,원본 보고,"{""group"": ""온보딩 · 기본정보 입력"", ""group_line"": 510, ""row_line"": 523}",screen,signup_keyword_personal,,S1,AOS 가입 기본정보의 성향 키워드 단계입니다. 자기소개 전체를 만드는 과업의 내부 선택과 구분하고 iOS 가입 과정의 대응 여부를 확인합니다.,d2293f341e7fa6a91c0ccbb5dce63058782b79f7974e9aa92bbfb63662d7fd80
AOS-basic_info_keyword_working_preference,aos,basic_info_keyword_working_preference,키워드 · 업무 성향,basic_info_keyword_working_preference | 키워드 · 업무 성향 | none | 3종,원본 이름 대장,발송 보고,원본 보고,"{""group"": ""온보딩 · 기본정보 입력"", ""group_line"": 510, ""row_line"": 524}",screen,signup_keyword_work_preference,,S1,AOS 가입 과정의 업무 성향 선택입니다. 성향·목표와 수집 항목이 달라 가입 퍼널에서 나누며 기존 자기소개 편집 탭에 이 이름을 보내지 않습니다.,1b3d49d8887391442bb65df5cd001bcbb71bdb072a857362ddbd8b391d571858
AOS-basic_info_keyword_ambition,aos,basic_info_keyword_ambition,키워드 · 목표,basic_info_keyword_ambition | 키워드 · 목표 | none | 3종,원본 이름 대장,발송 보고,원본 보고,"{""group"": ""온보딩 · 기본정보 입력"", ""group_line"": 510, ""row_line"": 525}",screen,signup_keyword_ambition,,S1,AOS 가입 과정의 목표 키워드 선택입니다. 원본의 온보딩 그룹이 가입용이라는 근거이며 iOS 자기소개 등록과 자동으로 대응시키지 않습니다.,7b54cfd8358490f8265796d2de022e16e195a2df08486f789719b47eec97a920
AOS-onboarding_cover_intro_profession,aos,onboarding_cover_intro_profession,커버 소개 · 직업,onboarding_cover_intro_profession | 커버 소개 · 직업 | none | 진입만,원본 이름 대장,발송 보고,원본 보고,"{""group"": ""온보딩 · 커버 소개"", ""group_line"": 531, ""row_line"": 540}",screen,profile_cover_create,,M1;M3;S2,두 OS의 커버 만들기를 하나의 과업으로 셉니다. AOS 여섯 단계가 iOS에 모두 존재한다고 가정하지 않습니다. 실제 단계는 step으로 기록하며 단계마다 화면 조회를 늘리지 않습니다. 문자열 치환만 하면 기존 단계·유형별 호출 횟수가 남습니다. 호출 생명주기도 공통 과업 진입 기준으로 바꿉니다.,19b2eae35191cfc1c47e820e7efc17eb808735354e14780dee2778b2b1f0f6a3
AOS-onboarding_cover_intro_nickname,aos,onboarding_cover_intro_nickname,커버 소개 · 닉네임,onboarding_cover_intro_nickname | 커버 소개 · 닉네임 | none | 진입만,원본 이름 대장,발송 보고,원본 보고,"{""group"": ""온보딩 · 커버 소개"", ""group_line"": 531, ""row_line"": 541}",screen,profile_cover_create,,M1;M3;S2,두 OS의 커버 만들기를 하나의 과업으로 셉니다. AOS 여섯 단계가 iOS에 모두 존재한다고 가정하지 않습니다. 실제 단계는 step으로 기록하며 단계마다 화면 조회를 늘리지 않습니다. 문자열 치환만 하면 기존 단계·유형별 호출 횟수가 남습니다. 호출 생명주기도 공통 과업 진입 기준으로 바꿉니다.,45ee2d8a8a118e2690882ba735d82b8a3d06a16df9912357aa7c8e1c868a6d8f
AOS-onboarding_cover_intro_ko_name,aos,onboarding_cover_intro_ko_name,커버 소개 · 한글 이름,onboarding_cover_intro_ko_name | 커버 소개 · 한글 이름 | none | 진입만,원본 이름 대장,발송 보고,원본 보고,"{""group"": ""온보딩 · 커버 소개"", ""group_line"": 531, ""row_line"": 542}",screen,profile_cover_create,,M1;M3;S2,두 OS의 커버 만들기를 하나의 과업으로 셉니다. AOS 여섯 단계가 iOS에 모두 존재한다고 가정하지 않습니다. 실제 단계는 step으로 기록하며 단계마다 화면 조회를 늘리지 않습니다. 문자열 치환만 하면 기존 단계·유형별 호출 횟수가 남습니다. 호출 생명주기도 공통 과업 진입 기준으로 바꿉니다.,db9192fbeaf7915f435af217f91ec3a30ec380a795dd04d5a7a480c9abedeae2
AOS-onboarding_cover_intro_tagline,aos,onboarding_cover_intro_tagline,커버 소개 · 한 줄 소개,onboarding_cover_intro_tagline | 커버 소개 · 한 줄 소개 | none | 진입만,원본 이름 대장,발송 보고,원본 보고,"{""group"": ""온보딩 · 커버 소개"", ""group_line"": 531, ""row_line"": 543}",screen,profile_cover_create,,M1;M3;S2,두 OS의 커버 만들기를 하나의 과업으로 셉니다. AOS 여섯 단계가 iOS에 모두 존재한다고 가정하지 않습니다. 실제 단계는 step으로 기록하며 단계마다 화면 조회를 늘리지 않습니다. 문자열 치환만 하면 기존 단계·유형별 호출 횟수가 남습니다. 호출 생명주기도 공통 과업 진입 기준으로 바꿉니다.,9a7727aa5e255787b30d369721beb8082872a588624d5180332f97882d0ed8f3
AOS-onboarding_cover_intro_media,aos,onboarding_cover_intro_media,커버 소개 · 미디어,onboarding_cover_intro_media | 커버 소개 · 미디어 | none | 진입만,원본 이름 대장,발송 보고,원본 보고,"{""group"": ""온보딩 · 커버 소개"", ""group_line"": 531, ""row_line"": 544}",screen,profile_cover_create,,M1;M3;S2,두 OS의 커버 만들기를 하나의 과업으로 셉니다. AOS 여섯 단계가 iOS에 모두 존재한다고 가정하지 않습니다. 실제 단계는 step으로 기록하며 단계마다 화면 조회를 늘리지 않습니다. 문자열 치환만 하면 기존 단계·유형별 호출 횟수가 남습니다. 호출 생명주기도 공통 과업 진입 기준으로 바꿉니다.,294cdf755484802ce130b627b283daafc13143e3a18f75c317ec9026a8294adf
AOS-onboarding_cover_intro_profile_image,aos,onboarding_cover_intro_profile_image,커버 소개 · 프로필 이미지,onboarding_cover_intro_profile_image | 커버 소개 · 프로필 이미지 | none | 진입만,원본 이름 대장,발송 보고,원본 보고,"{""group"": ""온보딩 · 커버 소개"", ""group_line"": 531, ""row_line"": 545}",screen,profile_cover_create,,M1;M3;S2,두 OS의 커버 만들기를 하나의 과업으로 셉니다. AOS 여섯 단계가 iOS에 모두 존재한다고 가정하지 않습니다. 실제 단계는 step으로 기록하며 단계마다 화면 조회를 늘리지 않습니다. 문자열 치환만 하면 기존 단계·유형별 호출 횟수가 남습니다. 호출 생명주기도 공통 과업 진입 기준으로 바꿉니다.,df1490f93d4e2379e9f3b18ac3e668172c35c199ea9b3a6a89b408da20c36d7e
AOS-proposal_create,aos,proposal_create,협업 제안 · 작성(웹),원본에서 이름만 정의되어 발송은 없는 항목,원본 이름 대장,이름만,원본 보고,"{""group"": ""이름만 정의 · 발송 없음"", ""group_line"": 566, ""row_line"": 566}",screen,proposal_create,,S1,새 협업 제안을 작성합니다. AOS 원본에는 이름만 있고 발송은 없으므로 실제 화면과 진입 경로를 확인한 뒤 구현합니다.,a56c4a4f21132ebea9c2a0ee5b6b2713e720d394e75a454be66e5e54bcff4b41
AOS-proposal_edit,aos,proposal_edit,협업 제안 · 수정(웹),원본에서 이름만 정의되어 발송은 없는 항목,원본 이름 대장,이름만,원본 보고,"{""group"": ""이름만 정의 · 발송 없음"", ""group_line"": 566, ""row_line"": 566}",screen,proposal_edit,,S1,기존 협업 제안을 고칩니다. AOS는 이름만 정의돼 수집 중으로 해석할 수 없으며 생성·수정의 실제 분기를 확인해야 합니다.,ed8a275a24e4b191ba8f60f81961e9e5b3849bda4802ef3642e6c1e6ba256692
